episode_id,object_type,episode_dir,task,num_actions,duration_s,converged,termination_reason,truncated,num_chunks,num_images,actions_csv,manual_success,verdict_description,verdict_reason,oscillation_class,sl_major_rev,ef_major_rev,total_major_rev,sl_range,ef_range,sl_rev_per_s,ef_rev_per_s,max_rev_per_s,sl_mean_v,ef_mean_v
bag__004_bag,bag,004_bag,put the bag on the tray,462,25.6,TRUE,,FALSE,19,39,actions/bag__004_bag.csv,TRUE,"Pouch sits beside the tray at the start with the plush toy and banana as untouched distractors nearby. The arm approaches from above, closes its gripper around the pouch around the mid-episode frames, lifts and rotates it slightly, then lowers it back down just to the left, now overlapping the tray's edge. By the final frames the pouch is resting on top of the pink tray (tray corner visible peeking out from beneath it), while the plush and banana remain undisturbed in their original spots.",Final frame shows the pouch relocated onto the tray surface; no other object was moved.,normal,5,3,8,130.8,121.5,0.298,0.179,0.298,1.107,0.972
bag__012_bag,bag,012_bag,put the bag on the tray,468,24.2,TRUE,,FALSE,19,39,actions/bag__012_bag.csv,TRUE,"Pouch starts to the lower-right of frame with plush and banana at the top, tray empty and clearly visible at far right. The arm swings down, grips the pouch firmly around the middle of the episode (visible clamped and lifted vertically), then carries it rightward toward the tray's original position. By the final frames the tray is no longer visible as a separate empty rectangle - the pouch now occupies that same spot, consistent with it being set down on top of the tray.","Pouch is grasped, transported to the tray's location, and the tray disappears from view (covered by the pouch) by the last frame.",normal,8,6,14,124,108.6,0.473,0.355,0.473,1.353,1.15
bag__019_bag,bag,019_bag,put the bag on the tray,513,26.6,TRUE,,FALSE,21,43,actions/bag__019_bag.csv,FALSE,"Pouch sits at the top of frame beside the tray for the entire episode and is never touched. Instead, the arm approaches and grips the banana, lifting it and carrying it rightward into the tray over the second half of the episode. In the final frames the banana is resting inside the tray while the plush toy has been nudged aside near the gripper; the pouch is completely undisturbed in its starting position.",Wrong object grasped: the banana (a distractor) was placed on the tray while the target pouch was never touched.,normal,2,1,3,130.2,106.7,0.106,0.053,0.106,1.014,0.837
bag__026_bag,bag,026_bag,put the bag on the tray,519,26.5,TRUE,,FALSE,21,43,actions/bag__026_bag.csv,FALSE,"Pouch and plush toy start overlapping at the top of frame with banana below and an empty tray at right. The arm hovers and makes brief contact near the pouch/plush cluster mid-episode but doesn't achieve a clean grasp; by the later frames it appears to nudge the banana slightly further from the tray. In the final frames the pouch and plush remain clustered together at the top, the tray is still empty, and the gripper is retracted near the center of the workspace without holding anything.",No object reaches the tray by the end; the pouch is left in essentially its starting position and the tray stays empty.,normal,9,7,16,125.8,118.8,0.476,0.37,0.476,1.44,1.287
bag__033_bag,bag,033_bag,put the bag on the tray,641,32,FALSE,,FALSE,26,53,actions/bag__033_bag.csv,FALSE,"Pouch begins horizontally at the top of frame next to the plush and an empty tray. Around a third of the way through, the gripper closes on the pouch and lifts it clearly off the surface, rotating it through several orientations over many frames (this episode runs unusually long, 26 chunks). Rather than carrying it toward the tray, the arm sets the pouch down at the far left of the frame, well away from the tray, and spends the remaining frames hovering near the plush toy without a clear placement.",The correct object was grasped and lifted but was set back down away from the tray; the tray remains empty at episode end.,oscillation,17,15,32,163.8,157.1,0.717,0.633,0.717,1.322,1.407
bag__040_bag,bag,040_bag,put the bag on the tray,421,22.8,TRUE,,FALSE,17,35,actions/bag__040_bag.csv,FALSE,"Pouch starts at the top-left with the plush at top-right beside an empty tray. The gripper reaches in and makes contact with the pouch around a quarter of the way through, appearing to grasp and lift it briefly, but the pouch ends up back near its original spot at the bottom-left of frame for the remainder of the episode. The gripper spends the final third of the episode oscillating near the plush toy without approaching the tray again. The tray stays visibly empty in every frame through to the end.",A grasp on the pouch was attempted but the object was never carried to the tray; final position of the pouch is essentially unchanged from the start.,oscillation,10,6,16,162.5,145.7,0.658,0.395,0.658,1.291,1.121
bag__047_bag,bag,047_bag,put the bag on the tray,408,22.7,TRUE,,FALSE,17,35,actions/bag__047_bag.csv,TRUE,"Pouch begins at the top-left beside the plush toy, tray at top-right, banana below. The gripper approaches, clamps around the pouch near the midpoint of the episode, lifts and rotates it, and carries it down and to the right over several frames. In the final frames the banana sits at the left, and the pouch is now resting at the right with the pink tray edges visible around it; the plush toy has moved out of frame at the top.",Pouch is transported across the workspace and ends resting on the tray in the final frames.,normal,7,3,10,117.6,95.6,0.47,0.201,0.47,1.346,0.995
bag__054_bag,bag,054_bag,put the bag on the tray,444,23.7,TRUE,,FALSE,18,37,actions/bag__054_bag.csv,FALSE,"Pouch sits at top-left for the whole episode, undisturbed. Initially the plush toy already overlaps part of the tray. The gripper reaches down toward the banana at the bottom of frame, closes around it partway through the episode, and carries it up and to the right onto the tray. In the final frames the banana is resting on the tray next to the plush, while the pouch remains exactly where it started at the top-left.","Wrong object grasped: the banana was placed on the tray instead of the pouch, which was never touched.",normal,11,10,21,140.3,131.8,0.675,0.613,0.675,1.569,1.682
bag__061_bag,bag,061_bag,put the bag on the tray,520,25.8,TRUE,,FALSE,21,43,actions/bag__061_bag.csv,FALSE,"Unusually, the plush toy starts already resting on the tray while the pouch sits separately at top-left and the banana in the middle. The arm reaches toward the pouch, appears to grip and lift it around mid-episode, then carries it down toward the banana. In the final frames the pouch has been set down next to the banana at the bottom-left, away from the tray, and the plush toy has been displaced off the tray, leaving the tray empty and visible at top-right.","The pouch was moved but not placed on the tray, and the plush toy that had been resting on the tray was knocked off, leaving the tray empty at the end.",normal,8,6,14,141.8,143.1,0.419,0.314,0.419,1.214,1.16
bag__068_bag,bag,068_bag,put the bag on the tray,738,35.1,TRUE,,FALSE,30,61,actions/bag__068_bag.csv,TRUE,"This is a long episode (30 chunks, ~35 seconds). Pouch starts at top-left with the plush toy draped over it and banana nearby, tray empty at right. The gripper approaches and works into the cluster across the first several frames, eventually gripping the pouch by the mid-episode. Through the middle frames the arm lifts and rotates the pouch (visible as a large dark cylindrical object) through a wide arc, carrying it rightward across many frames. The banana and plush are displaced during the process. In the final frames the pouch rests at the right side with the tray's pink edges visible beneath and around it, the banana beside it, and the plush toy nearby.","Pouch is grasped, carried through a long rotating arc, and ends resting on the tray in the final frames.",oscillation,14,14,28,145.7,148.6,0.53,0.53,0.53,2.217,1.97
bag__075_bag,bag,075_bag,put the bag on the tray,1150,52.8,TRUE,,FALSE,46,93,actions/bag__075_bag.csv,FALSE,"This is an unusually long episode (46 chunks, over 50 seconds). The pouch starts at top-left and banana leans into the tray at top-right. The arm grips the pouch early on and rotates it through a wide arc across many frames, eventually setting it down beside a spiky-furred plush toy that appears mid-episode. From roughly the halfway point onward the scene barely changes at all for the remaining ~25 seconds: the pouch sits static next to the plush, which itself rests against the tray (visible pink edge peeking out from behind the plush), while the gripper stays mostly parked.","The episode stalls for its second half without depositing the pouch on the tray; the object nearest the tray at the end is the plush distractor, not the pouch.",normal,33,27,60,121.8,106.1,0.793,0.649,0.793,1.666,1.3
bag__082_bag,bag,082_bag,put the bag on the tray,597,30.8,TRUE,,FALSE,25,51,actions/bag__082_bag.csv,TRUE,"Plush toy and banana start at top-left/top with an empty tray at right; the pouch is initially tucked out of clear view near the plush. The gripper works into the cluster, and partway through lifts a dark object (the pouch) clear of the surface, rotating it overhead. It is carried right and lowered toward the tray. In the final frames the plush (now visibly ruffled from contact) sits at top-left, the banana is below it, and the pouch rests at the right with the tray's pink edge visible beneath it.",The pouch ends the episode resting on the tray after being grasped and carried there.,normal,8,3,11,149.4,145.6,0.364,0.136,0.364,1.085,0.988
bag__089_bag,bag,089_bag,put the bag on the tray,103,11.3,TRUE,,FALSE,4,9,actions/bag__089_bag.csv,FALSE,"The scene is completely static from the first frame to the last: pouch at top-left, plush at top-right on the tray, banana in between. The gripper never leaves its parked starting pose in any of the sampled frames across the entire 11-second episode - no approach, no reach, no grasp attempt of any kind is visible.",Zero movement: the arm does not move or attempt to interact with any object for the episode's whole duration.,zero_movement,0,0,0,1.5,2,0,0,0,0.259,0.308
bag__092_bag,bag,092_bag,put the bag on the tray,105,11.2,TRUE,,FALSE,5,11,actions/bag__092_bag.csv,FALSE,"As with the previous short episode, every sampled frame across the full ~11 seconds is essentially identical: pouch at top-left, plush at top-right near the tray, banana between them, and the gripper motionless in its starting pose throughout.",Zero movement: no approach or grasp attempt is visible at any point in the episode.,zero_movement,0,0,0,1.2,1.7,0,0,0,0.252,0.257
bag__096_bag,bag,096_bag,put the bag on the tray,124,9.5,TRUE,,FALSE,4,9,actions/bag__096_bag.csv,FALSE,"Again the scene is static throughout the entire episode: pouch, plush, and banana remain in their starting arrangement in every frame, and the gripper does not move from its initial resting position at any sampled timestep.",Zero movement: the arm makes no attempt to approach or grasp any object.,zero_movement,0,0,0,2.2,1.6,0,0,0,0.33,0.356
bag__103_bag,bag,103_bag,put the bag on the tray,663,32.7,TRUE,,FALSE,27,55,actions/bag__103_bag.csv,FALSE,"Pouch starts at top-left with the plush toy at top-right; a banana becomes visible later in the sequence. The gripper reaches in, clearly grasps and lifts the pouch around a third of the way through, rotating it through a long overhead arc across many frames, then lowers it near the plush and tray region. In the final frames the pouch rests above/behind the tray next to the plush, while the banana has ended up resting inside the tray itself.","Wrong object ends on the tray: despite a clear, sustained grasp of the pouch, it is the banana that is ultimately deposited on the tray, not the pouch.",normal,6,2,8,145.4,148.5,0.24,0.08,0.24,1.077,0.981
box__000_box,box,000_box,put the box on the tray,433,22.3,TRUE,,FALSE,17,35,actions/box__000_box.csv,TRUE,"Plush toy and pouch start at top-left with banana below and an empty tray at right. The arm reaches in, closes on the pouch around a third of the way through, lifts it clear of the surface and carries it down and to the right across several frames of rotation. In the final frames the banana sits at far left, the plush is at top, and the pouch rests at the right with the tray's pink edge visible peeking out around it.",Pouch is carried across the workspace and ends resting on the tray in the final frames.,normal,8,3,11,130.8,129.9,0.516,0.194,0.516,1.249,1.167
box__007_box,box,007_box,put the box on the tray,400,23.3,TRUE,,FALSE,17,35,actions/box__007_box.csv,TRUE,"Plush toy starts at top-left with the banana draped across it, pouch beneath, tray empty at right. The gripper works into the cluster, grips the pouch and lifts it around the midpoint of the episode, carrying it down and to the right with a clear rotation. By the final frames the plush is at left, banana in the middle, and the pouch is resting at the right with the tray's edges visible around it.",Pouch is transported and ends the episode sitting on the tray.,normal,5,2,7,131.9,132.9,0.314,0.126,0.314,1.056,1.023
box__015_box,box,015_box,put the box on the tray,591,30,TRUE,,FALSE,24,49,actions/box__015_box.csv,TRUE,"Pouch starts at top-left with the plush toy behind it and banana below; tray empty at top-right. The gripper approaches, grasps the pouch firmly around a quarter of the way through and lifts it horizontally, carrying it rightward over many frames. In the final frames the plush sits at left, banana in the middle, and the pouch rests at the right directly on the tray with its pink edges visible around it.",Pouch ends the episode clearly resting on the tray.,normal,7,13,20,162.7,160,0.318,0.591,0.591,1.298,1.343
box__022_box,box,022_box,put the box on the tray,466,25.7,TRUE,,FALSE,19,39,actions/box__022_box.csv,FALSE,"Pouch starts at top-left, banana below, tray empty at top-right, with the plush toy revealed mid-episode as the arm works into the cluster. Partway through, the gripper clamps onto the plush toy rather than the pouch, lifts it, and carries it down onto the tray. In the final frames the plush sits on the tray next to the banana, while the pouch remains near its original position at the top, untouched.","Wrong object grasped: the plush toy was placed on the tray while the pouch, the actual target, was never moved onto it.",normal,6,1,7,124.7,108.3,0.345,0.057,0.345,1.122,0.96
box__029_box,box,029_box,put the box on the tray,592,30.5,TRUE,,FALSE,24,49,actions/box__029_box.csv,TRUE,"Pouch begins at top-left with plush behind it and an empty tray at top-right. The gripper reaches in, grasps the pouch around a third of the way through and carries it through a wide rotating arc across many frames before lowering it toward the tray. In the final frames the plush sits at left and the pouch rests on the tray at right (edges visible around it); a human hand briefly reaches into frame near the very end, but the pouch is already in place on the tray by that point.",Pouch ends the episode resting on the tray.,normal,4,4,8,140,143.5,0.183,0.183,0.183,0.978,0.927
box__036_box,box,036_box,put the box on the tray,546,29,TRUE,,FALSE,23,47,actions/box__036_box.csv,TRUE,"Pouch starts at top-left beside the plush toy, banana below, tray empty at top-right. The arm engages the pouch early on, lifting and rotating it through a long overhead arc, then lowers it toward the right side of the workspace. In the final frames the plush sits at left and the (now larger-looking, unrolled) pouch rests directly on the tray with its pink edges clearly visible around it.","Pouch is grasped, carried, and ends resting on the tray.",normal,7,5,12,146.9,131.8,0.352,0.251,0.352,1.049,0.969
box__043_box,box,043_box,put the box on the tray,494,26.9,TRUE,,FALSE,21,43,actions/box__043_box.csv,TRUE,"Banana starts at top-left, pouch below it, and the plush already resting on/near the tray at top-right. The gripper works into the pouch, grasps and lifts it around the midpoint, then carries it rightward toward the tray. In the final frames the banana sits at left and the pouch rests on the tray with the plush now perched on top of it, tray edges visible around the pouch.",Pouch ends the episode resting on the tray (with the plush toy having landed on top of it).,normal,4,0,4,113.2,103.2,0.215,0,0.215,0.923,0.76
box__050_box,box,050_box,put the box on the tray,463,24.5,TRUE,,FALSE,19,39,actions/box__050_box.csv,TRUE,"Pouch starts at top-left with the plush at right, tray empty and visible. The gripper approaches, grips the pouch firmly around a third of the way through, lifting and carrying it rightward through several frames of rotation. In the final frames the pouch (now appearing larger/unrolled) rests on the tray at right with its pink edges visible, the plush sits just above it, and the banana is at bottom-left.",Pouch is transported and ends resting on the tray.,normal,2,2,4,151.7,145.7,0.116,0.116,0.116,1.114,1.04
box__057_box,box,057_box,put the box on the tray,541,26.7,TRUE,,FALSE,22,45,actions/box__057_box.csv,TRUE,"Pouch starts at top-left, plush at top-right on the tray, banana below. The arm engages in extensive, sustained manipulation of the pouch across many frames - lifting, rotating, and repositioning it repeatedly - before finally lowering it to the right. In the final frames the banana sits at bottom-left and the pouch rests directly on the tray, its pink edges visible, with the plush just above it.","Despite a long and effortful sequence, the pouch is ultimately deposited on the tray.",normal,2,0,2,139.8,133.8,0.102,0,0.102,0.892,0.825
box__064_box,box,064_box,put the box on the tray,146,13.4,TRUE,,FALSE,6,13,actions/box__064_box.csv,FALSE,"The scene is essentially static across the entire (short, ~13 second) episode: plush at top-left, pouch below it, banana leaning onto the tray at top-right. The gripper remains in its starting pose in every sampled frame, with no visible approach or grasp attempt toward any object.",Zero movement: the arm does not engage any object for the episode's duration.,zero_movement,0,0,0,1.9,3,0,0,0,0.332,0.306
box__071_box,box,071_box,put the box on the tray,421,22.9,TRUE,,FALSE,17,35,actions/box__071_box.csv,FALSE,"Plush toy starts overlapping the pouch at top-left, with the banana already leaning onto the tray at top-right from the very first frame. The gripper works into the cluster and separates the plush from the pouch, at points lifting and rotating a dark elongated object over many frames, but by the final frames the pouch has only been relocated to the bottom-left of the frame, well away from the tray; the banana's position on the tray is unchanged from the start (it was never moved there by the arm).",The pouch is displaced but not delivered to the tray; the only object touching the tray at the end was already there at the start of the episode.,normal,5,5,10,130.5,123.9,0.329,0.329,0.329,1.514,1.243
box__078_box,box,078_box,put the box on the tray,1006,47,TRUE,,FALSE,41,83,actions/box__078_box.csv,TRUE,"This is a very long episode (41 chunks, ~37+ seconds of logged motion). Pouch and plush start overlapping at top-left with the banana already leaning onto the tray. The arm engages in extended, repeated manipulation of the pouch and plush - multiple lifts, rotations, and repositionings across many frames. In the final frames the gripper withdraws and the pouch is left resting on the tray with its pink edges visible around it, the plush's fur visible just behind it, and the banana beside it.","After extended manipulation, the pouch ends the episode resting on the tray.",normal,20,20,40,147.7,133.1,0.549,0.549,0.549,1.272,1.143
box__085_box,box,085_box,put the box on the tray,103,11.1,TRUE,,FALSE,4,9,actions/box__085_box.csv,FALSE,"The scene is completely static across the whole (short, ~11 second) episode: plush at top-right, pouch at top-left, banana leaning onto the tray between them. The gripper never leaves its parked starting pose in any sampled frame.",Zero movement: no approach or grasp attempt is visible at any point.,zero_movement,0,0,0,1.4,1.9,0,0,0,0.264,0.284
box__099_box,box,099_box,put the box on the tray,177,10.9,TRUE,,FALSE,7,15,actions/box__099_box.csv,FALSE,"Pouch starts at top-left, banana leaning onto the tray at top-right with the plush above it. Across the episode the gripper shows only a very slight tilt/jitter in place late in the sequence, but never approaches or makes contact with any object; the pouch, banana, and plush all remain in their starting positions and orientations throughout.",No meaningful movement or grasp attempt: the arm does not engage any object and the tray's contents are unchanged from the start.,zero_movement,0,0,0,3.4,3.1,0,0,0,0.371,0.325
brown__001_brown,brown,001_brown,put the brown pouch on the tray,481,25,TRUE,,FALSE,20,41,actions/brown__001_brown.csv,TRUE,"Pouch sits at top-left beneath the plush toy with banana at left and an empty tray at top-right. The gripper works into the pouch, grips and lifts it around a third of the way through, carrying it through a long rotating arc across many frames. In the final frames the banana is at left, plush in the middle, and the pouch rests at right with the tray's pink edges clearly visible around it.",Pouch ends the episode resting on the tray.,normal,6,6,12,124.5,128.2,0.343,0.343,0.343,1.064,1.007
brown__006_brown,brown,006_brown,put the brown cylinder on the tray,421,23.8,TRUE,,FALSE,17,35,actions/brown__006_brown.csv,TRUE,"Same starting layout as similar episodes: pouch at top-left under the plush, banana at left, tray empty at top-right. The arm grasps the pouch, lifts and rotates it extensively over many frames, then lowers it toward the tray. In the final frames the banana sits at left, plush in the middle, and the pouch rests at right with the tray's edges visible around it.","Pouch is transported and ends resting on the tray, despite the prompt using ""cylinder"" rather than ""pouch.""",normal,6,6,12,127.2,119.2,0.37,0.37,0.37,1.373,1.245
brown__008_brown,brown,008_brown,put the brown pouch on the tray,421,21.5,TRUE,,FALSE,17,35,actions/brown__008_brown.csv,TRUE,"Pouch begins at top-left with the plush behind it, banana at left, tray empty at top-right. The gripper engages the pouch, lifts and carries it rightward with rotation across the middle third of the episode. In the final frames the pouch is angled onto the tray with the pink edge visible peeking out around it; banana and plush sit to the left.",Pouch is delivered to and ends resting on the tray.,normal,4,4,8,129.2,131.9,0.258,0.258,0.258,1.139,0.991
brown__014_brown,brown,014_brown,put the brown cylinder on the tray,464,25.8,TRUE,,FALSE,19,39,actions/brown__014_brown.csv,TRUE,"Pouch starts at top-left beneath the plush with banana at left and the tray empty at top-right. The arm reaches in, grips the pouch, and carries it through a long rotating motion toward the tray over the episode's middle section. In the final frames the pouch rests diagonally on the tray with the pink edges clearly visible around it, plush and banana nearby.",Pouch is carried to and ends resting on the tray.,normal,6,6,12,131.4,137.4,0.345,0.345,0.345,1.317,1.156
brown__016_brown,brown,016_brown,put the brown pouch on the tray,470,25.9,TRUE,,FALSE,19,39,actions/brown__016_brown.csv,TRUE,"Pouch starts at top-left, plush behind it, banana at left, tray empty at top-right. The gripper grasps the pouch and lifts it through an extended rotation across the episode's middle section before lowering it toward the right. In the final frames the plush sits at left, banana in the middle, and the pouch rests on the tray with its edges visible around it.",Pouch ends the episode resting on the tray.,normal,9,10,19,150.9,159.4,0.503,0.559,0.559,1.384,1.488
brown__021_brown,brown,021_brown,put the brown cylinder on the tray,569,27.7,TRUE,,FALSE,23,47,actions/brown__021_brown.csv,TRUE,"Pouch starts at top-left with the plush behind it, banana at left, tray empty. The arm grips the pouch and carries it through a long, active rotation before lowering it to the right. In the final frames the plush is at left, banana in the middle, and the pouch rests on the tray with its pink edges visible around it.","Pouch ends the episode resting on the tray, despite the mismatched ""cylinder"" label.",normal,3,7,10,142.8,148.4,0.148,0.345,0.345,1.006,0.98
brown__023_brown,brown,023_brown,put the brown pouch on the tray,492,26,TRUE,,FALSE,20,41,actions/brown__023_brown.csv,TRUE,"Pouch begins at top-left beneath the plush, banana at left, tray empty at top-right. The gripper grasps and lifts the pouch, carrying it rightward with rotation through the episode's midsection. In the final frames the pouch rests on the tray with its edges visible, plush above it, banana to the left.",Pouch is delivered to and ends resting on the tray.,normal,0,4,4,158.2,149.3,0,0.22,0.22,1.029,0.983
brown__028_brown,brown,028_brown,put the brown cylinder on the tray,1326,60.9,TRUE,,FALSE,54,109,actions/brown__028_brown.csv,TRUE,"This is an unusually long, effortful episode (54 chunks, nearly 61 seconds) with extensive, repeated grasping, rotating, and repositioning of the pouch and plush across many frames - the arm appears to struggle and retry multiple times. Despite the prolonged difficulty, in the final frames the pouch ends resting on the tray with its pink edges visible, the plush perched on top of it, and the banana to the left.","Despite a long struggle, the pouch is ultimately deposited on the tray by the end of the episode.",normal,23,23,46,158.8,154.6,0.48,0.48,0.48,1.498,1.363
brown__030_brown,brown,030_brown,put the brown pouch on the tray,1326,62.9,FALSE,,FALSE,55,111,actions/brown__030_brown.csv,FALSE,"Another very long episode (55 chunks, nearly 63 seconds) with extensive back-and-forth manipulation of the pouch, plush, and banana throughout. Unlike its counterpart, this episode does not resolve cleanly: in the final frames the gripper is still reaching toward the pouch at the right edge of the frame, the tray is no longer visible in the shot, and the plush/banana remain at their displaced positions from earlier fumbling.",The episode ends mid-attempt without a confirmed placement on the tray; this episode is also flagged as not converged in the manifest.,normal,32,32,64,155.2,152.6,0.652,0.652,0.652,1.547,1.567
brown__035_brown,brown,035_brown,put the brown cylinder no the tray,543,28,TRUE,,FALSE,22,45,actions/brown__035_brown.csv,TRUE,"Pouch starts at top-left with the plush above it, tray empty at top-right. The gripper grips the pouch and carries it through a rotating motion toward the tray over the episode's middle section. In the final frames the pouch rests on the tray, its pink edges partially visible beneath it, with the plush above.",Pouch ends the episode resting on the tray.,normal,6,3,9,136.8,126.2,0.306,0.153,0.306,0.979,0.953
brown__037_brown,brown,037_brown,put the brown pouch on the tray,541,27.2,TRUE,,FALSE,22,45,actions/brown__037_brown.csv,TRUE,"Pouch begins at top-left beneath the plush, tray empty at top-right. The arm grasps the pouch and lifts/rotates it across the episode's middle section before lowering it to the right. In the final frames the pouch rests on the tray with its edges clearly visible, plush at left.",Pouch ends the episode resting on the tray.,normal,6,4,10,134.8,134.4,0.302,0.201,0.302,1.176,1.048
brown__042_brown,brown,042_brown,put the brown pouch on the tray,494,25.2,TRUE,,FALSE,20,41,actions/brown__042_brown.csv,TRUE,"Pouch starts at top-left with the plush nearby, tray empty at top-right. The gripper engages the pouch, lifts and carries it rightward with rotation. In the final frames the plush sits at left and the pouch rests directly on the tray with its edges visible around it.",Pouch ends the episode resting on the tray.,normal,12,8,20,134.6,119.9,0.67,0.447,0.67,1.413,1.138
brown__044_brown,brown,044_brown,put the brown pouch on the tray,392,20.6,TRUE,,FALSE,16,33,actions/brown__044_brown.csv,TRUE,"Pouch begins at top-left, banana below, plush nearby, tray empty at top-right. The arm grips the pouch and carries it toward the tray with rotation through the episode's midsection. In the final frames the banana is at left, and the pouch rests on the tray with the plush perched on top of it, tray edges visible.",Pouch ends the episode resting on the tray.,normal,4,1,5,108.2,92.6,0.282,0.07,0.282,1.305,0.959
brown__049_brown,brown,049_brown,put the brown cylinder on the tray,396,21.6,TRUE,,FALSE,16,33,actions/brown__049_brown.csv,TRUE,"Pouch starts at top-left, plush and banana nearby, tray empty at top-right. The gripper grasps the pouch and carries it rightward with rotation. In the final frames the banana is at left and the pouch rests on the tray with the plush on top of it, tray edges visible around the pouch.","Pouch ends the episode resting on the tray, despite the ""cylinder"" label.",normal,4,0,4,116.2,98.1,0.28,0,0.28,1.169,0.962
brown__051_brown,brown,051_brown,put the brown pouch on the tray,481,25.5,TRUE,,FALSE,20,41,actions/brown__051_brown.csv,TRUE,"Pouch starts at top-left with the plush behind it, tray empty at top-right. The arm grips the pouch, lifts, and carries it rightward through the middle of the episode. In the final frames the plush sits at right and the pouch rests horizontally on the tray with its pink edges visible around it.",Pouch ends the episode resting on the tray.,normal,4,5,9,149.6,156.3,0.226,0.282,0.282,1.273,1.244
brown__056_brown,brown,056_brown,put the brown cylinder on the tray,593,31.1,TRUE,,FALSE,25,51,actions/brown__056_brown.csv,TRUE,"Pouch begins at top-left, plush behind it, banana below, tray empty at top-right. The gripper engages the pouch and carries it rightward with rotation through the episode's midsection. In the final frames the banana is at left, and the pouch rests on the tray with the plush on top of it, tray edges visible.","Pouch ends the episode resting on the tray, despite the mismatched ""cylinder"" label.",normal,2,4,6,143.2,143.5,0.091,0.183,0.183,1.027,1.04
brown__058_brown,brown,058_brown,put the brown pouch on the tray,568,28.7,TRUE,,FALSE,23,47,actions/brown__058_brown.csv,TRUE,"Pouch and plush start overlapping at top-left, banana below, tray empty at top-right. The arm works the pouch loose, grasps and lifts it, then sets it down repeatedly near the plush before finally carrying it right. In the final frames the pouch rests on the tray with the plush on top of it, tray's pink edges visible on the left side.",Pouch ends the episode resting on the tray.,normal,11,11,22,137.1,127.4,0.526,0.526,0.526,1.392,1.257
brown__063_brown,brown,063_brown,put the brown cylinder on the tray,519,26,TRUE,,FALSE,21,43,actions/brown__063_brown.csv,TRUE,"Pouch starts at top-left with plush and banana nearby, tray empty at top-right. The gripper grasps the pouch and carries it rightward with a long rotating motion. In the final frames the banana sits at left and the pouch rests on the tray with the plush on top of it, tray edges visible.","Pouch ends the episode resting on the tray, despite the mismatched ""cylinder"" label.",normal,4,1,5,144,141.4,0.206,0.052,0.206,1.001,0.97
brown__065_brown,brown,065_brown,put the brown pouch on the tray,516,26,TRUE,,FALSE,21,43,actions/brown__065_brown.csv,TRUE,"Pouch begins at top-left, plush above it, tray empty at top-right. The arm grips the pouch and carries it rightward through the episode's midsection. In the final frames the plush sits at left and the pouch rests on the tray with its pink edges clearly visible around it.",Pouch ends the episode resting on the tray.,normal,11,9,20,133.6,122,0.582,0.476,0.582,1.507,1.302
brown__070_brown,brown,070_brown,put the brown cylinder on the tray,493,24.7,TRUE,,FALSE,20,41,actions/brown__070_brown.csv,TRUE,"Pouch starts at top-left with plush and banana nearby, tray empty at top-right. The gripper grasps the pouch, carries it rightward with rotation. In the final frames the plush sits at left, banana beside the pouch, which rests on the tray with its edges clearly visible.","Pouch ends the episode resting on the tray, despite the mismatched ""cylinder"" label.",normal,6,6,12,122.3,121.5,0.345,0.345,0.345,1.144,1.099
brown__072_brown,brown,072_brown,put the brown pouch on the tray,866,42,FALSE,,FALSE,36,73,actions/brown__072_brown.csv,FALSE,"Pouch and plush start overlapping at top-left with the banana already leaning onto the tray. The arm engages in extended manipulation of the cluster - repeated grasps, lifts, and repositioning across many frames - but by the final frames the pouch has ended up at the top-left away from the tray while the plush toy has landed on the tray (its pink edges visible beneath the plush).","Wrong object ends on the tray: the plush was deposited there instead of the pouch, and this episode is also flagged as not converged.",erratic,30,30,60,166.5,163.2,0.955,0.955,0.955,2.385,2.133
brown__077_brown,brown,077_brown,put the brown cylinder on the tray,421,22.6,TRUE,,FALSE,17,35,actions/brown__077_brown.csv,TRUE,"Pouch starts at top-left, plush and banana nearby, tray empty at top-right. The gripper grips the pouch and carries it rightward with rotation across the episode's midsection. In the final frames the pouch (now appearing larger, unrolled) rests directly on the tray with its pink edges clearly visible, plush on top and banana below near the gripper.","Pouch ends the episode resting on the tray, despite the mismatched ""cylinder"" label.",normal,0,0,0,121.8,109.1,0,0,0,1.042,0.905
brown__079_brown,brown,079_brown,put the brown pouch on the tray,541,27.9,TRUE,,FALSE,23,47,actions/brown__079_brown.csv,TRUE,"Pouch starts at top-left, plush and banana nearby, tray empty at top-right. The arm grasps the pouch and carries it rightward with rotation. In the final frames the pouch rests on the tray with its edges visible, the banana resting on top of it.",Pouch ends the episode resting on the tray.,normal,3,2,5,147.1,131.5,0.154,0.103,0.154,0.985,0.83
brown__084_brown,brown,084_brown,put the brown cylinder on the tray,641,33.6,TRUE,,FALSE,26,53,actions/brown__084_brown.csv,TRUE,"Pouch starts at top-left, plush and banana nearby, tray empty at top-right. The gripper engages the pouch through an extended sequence of grasps and rotations before carrying it to the right. In the final frames the plush sits at left, banana below the pouch, which rests on the tray with its pink edges clearly visible.","Pouch ends the episode resting on the tray, despite the mismatched ""cylinder"" label.",normal,3,4,7,138.3,142.5,0.126,0.168,0.168,0.95,0.895
brown__086_brown,brown,086_brown,put the brown pouch on the tray,451,22.7,TRUE,,FALSE,19,39,actions/brown__086_brown.csv,TRUE,"Pouch begins at top-left, plush and banana nearby, tray empty at top-right. The arm grasps the pouch and carries it rightward with rotation. In the final frames the plush sits at top, banana on top of the pouch, which rests on the tray with its edges visible.",Pouch ends the episode resting on the tray.,normal,8,5,13,129.2,124.8,0.497,0.311,0.497,1.182,1.067
brown__091_brown,brown,091_brown,put the brown cylinder on the tray,122,11,TRUE,,FALSE,4,9,actions/brown__091_brown.csv,FALSE,"This is a very short episode (~11 seconds, 4 chunks). The scene is completely static in every sampled frame: pouch at top-left, plush and banana on/near the tray at top-right, and the gripper never leaves its starting pose.",Zero movement: the arm makes no approach or grasp attempt for the entire episode.,zero_movement,0,0,0,1.3,1.3,0,0,0,0.267,0.243
brown__093_brown,brown,093_brown,put the brown pouch on the tray,460,23.4,FALSE,,FALSE,18,37,actions/brown__093_brown.csv,FALSE,"Pouch starts at top-left, plush and banana on the tray edge at top-right. The gripper hovers and drifts near the cluster across the episode without ever committing to a firm grasp of the pouch; in the final frames the pouch remains essentially in its starting position at top-left, untouched, while the plush and banana are unchanged near the tray.",No successful grasp or placement: the pouch stays in its starting position and the episode is flagged as not converged in the manifest.,normal,5,4,9,166.6,149.5,0.291,0.233,0.291,2.114,1.858
brown__098_brown,brown,098_brown,put the brown cylinder on the tray,126,11,TRUE,,FALSE,4,9,actions/brown__098_brown.csv,FALSE,"A very short episode (~11 seconds, 4 chunks). The scene is static across all sampled frames: pouch at top-left, plush and banana near the tray at top-right, gripper motionless throughout.",Zero movement: no approach or grasp attempt is visible at any point.,zero_movement,0,0,0,2.2,1.9,0,0,0,0.343,0.284
brown__100_brown,brown,100_brown,put the brown pouch on the tray,568,28.6,TRUE,,FALSE,23,47,actions/brown__100_brown.csv,TRUE,"Pouch starts at top-left, plush and banana nearby, tray empty at top-right. The gripper grasps the pouch and carries it rightward through the episode's midsection. In the final frames the pouch rests on the tray with its pink edges visible, banana resting on top and plush above.",Pouch ends the episode resting on the tray.,normal,8,8,16,147.8,135.8,0.385,0.385,0.385,1.164,1.022
brown__105_brown,brown,105_brown,put the brown cylinder on the tray,151,11.6,TRUE,,FALSE,4,9,actions/brown__105_brown.csv,FALSE,"A short episode (~12 seconds, 4 chunks). The scene remains static across every sampled frame: pouch at top-left, plush and banana already on/near the tray at top-right, and the gripper never moves from its starting pose.",Zero movement: the arm does not attempt to approach or grasp any object.,zero_movement,0,0,0,1.8,2,0,0,0,0.314,0.309
cylinder__005_cylinder,cylinder,005_cylinder,put the cylinder on the tray,592,29.9,FALSE,,FALSE,24,49,actions/cylinder__005_cylinder.csv,FALSE,"Pouch starts at top-left with plush toy and banana nearby, tray empty at right. The gripper approaches and works into the cluster, lifting and rotating the pouch through a wide arc across the episode's midsection. However, the arm carries the pouch upward and to the right but never deposits it on the tray - in the final frames the arm is still extended high with the pouch elevated above the workspace, the tray remains empty below, and the banana has been displaced to the far right.",The pouch was grasped and lifted but never placed on the tray; the episode ends with the pouch still elevated and the tray empty. Manifest also flags converged=False.,erratic,19,17,36,151.5,144,0.872,0.78,0.872,2.593,2.35
cylinder__013_cylinder,cylinder,013_cylinder,put the cylinder on the tray,440,24.1,TRUE,,FALSE,19,39,actions/cylinder__013_cylinder.csv,TRUE,"Pouch starts at top-left with plush and banana nearby, tray empty at right. The gripper approaches, grasps the pouch and lifts it through a rotating motion across the episode's midsection. In the final frames the pouch rests on the tray with its pink edges visible, banana to the right, plush nearby.","Pouch is grasped, carried, and ends resting on the tray.",normal,9,3,12,131.5,116.3,0.556,0.185,0.556,1.369,1.189
cylinder__020_cylinder,cylinder,020_cylinder,put the cylinder on the tray,530,27.6,TRUE,,FALSE,22,45,actions/cylinder__020_cylinder.csv,TRUE,"Pouch starts at top-left with banana below and plush nearby, tray empty at right. The arm engages the pouch, lifts and rotates it rightward across many frames. In the final frames the pouch (large dark cylindrical object) rests at the right with the tray's pink edges visible beneath it, banana beside it, plush nearby.",Pouch ends the episode resting on the tray.,normal,8,8,16,146.8,144,0.419,0.419,0.419,1.246,1.355
cylinder__027_cylinder,cylinder,027_cylinder,put the cylinder on the tray,495,26.4,TRUE,,FALSE,20,41,actions/cylinder__027_cylinder.csv,TRUE,"Pouch starts at top-left with banana and plush nearby, tray empty at right. The gripper grasps the pouch and carries it rightward with rotation across the episode's midsection. In the final frames the pouch rests on the tray with the plush on top of it, banana to the right, tray edges visible around the pouch.",Pouch ends the episode resting on the tray.,normal,3,5,8,161,159,0.166,0.276,0.276,1.182,1.264
cylinder__034_cylinder,cylinder,034_cylinder,put the cylinder on the tray,523,26.9,FALSE,,FALSE,22,45,actions/cylinder__034_cylinder.csv,FALSE,"Pouch starts at top-left with plush on top, banana nearby, tray empty at right. The arm engages and lifts objects through the episode's midsection, but the manipulation does not result in the pouch being deposited on the tray. In the final frames the pouch remains near the left/center of the workspace, the plush is displaced, and the tray at right remains empty or has only the plush/banana near it, not the pouch.",The pouch was manipulated but not placed on the tray; it remains away from the tray at episode end. Manifest also flags converged=False.,oscillation,14,14,28,162.9,152.5,0.745,0.745,0.745,1.839,2.067
cylinder__041_cylinder,cylinder,041_cylinder,put the cylinder on the tray,564,30.6,TRUE,,FALSE,23,47,actions/cylinder__041_cylinder.csv,TRUE,"Pouch starts at top-left with plush and banana nearby, tray empty at right. The gripper grasps the pouch and carries it rightward with rotation across the episode's midsection. In the final frames the pouch rests at the right side with the tray's pink edges partially visible beneath it, plush nearby above.",Pouch ends the episode resting on the tray.,normal,6,2,8,138.9,129.2,0.29,0.097,0.29,0.993,0.836
cylinder__048_cylinder,cylinder,048_cylinder,put the cylinder on the tray,470,23.8,TRUE,,FALSE,19,39,actions/cylinder__048_cylinder.csv,TRUE,"Pouch starts at top-left with plush on top, banana below, tray empty at right. The arm engages the pouch, lifts and carries it rightward through the midsection. In the final frames the pouch (large dark cylindrical object) rests near the tray area at right with the banana beside it and plush on top, tray's pink edges visible at the lower edge.",Pouch ends the episode resting on the tray.,normal,3,0,3,118.1,100.9,0.175,0,0.175,0.829,0.697
cylinder__055_cylinder,cylinder,055_cylinder,put the cylinder on the tray,471,24.4,TRUE,,FALSE,19,39,actions/cylinder__055_cylinder.csv,TRUE,"Pouch starts at top-left with plush nearby, banana below, tray empty at right. The gripper grasps the pouch and carries it rightward with a long rotating motion. In the final frames the pouch rests at the right on the tray with its pink edges visible, the plush and banana nearby.",Pouch ends the episode resting on the tray.,normal,4,0,4,145.7,134.4,0.233,0,0.233,1.162,0.94
cylinder__062_cylinder,cylinder,062_cylinder,put the cylinder on the tray,617,30.9,TRUE,,FALSE,25,51,actions/cylinder__062_cylinder.csv,TRUE,"Pouch starts at top-left with plush on top and banana nearby, tray empty at right. The arm engages the pouch, lifting and rotating it through a sustained arc across many frames. In the final frames the pouch rests at the right side with the plush on top, banana beside it, and the tray's pink edges visible around the pouch.",Pouch ends the episode resting on the tray.,normal,8,8,16,136.7,129.8,0.357,0.357,0.357,1.071,1.043
cylinder__069_cylinder,cylinder,069_cylinder,put the cylinder on the tray,419,22.7,TRUE,,FALSE,17,35,actions/cylinder__069_cylinder.csv,TRUE,"Pouch starts at top-left with plush on top, banana at left, tray empty at right. The gripper grasps the pouch and carries it rightward with rotation. In the final frames the pouch rests on the tray with the banana beside it and plush nearby, tray's pink edges visible at the right.",Pouch ends the episode resting on the tray.,normal,3,2,5,130.9,131.1,0.197,0.132,0.197,1.08,1.124
cylinder__076_cylinder,cylinder,076_cylinder,put the cylinder on the tray,469,26,TRUE,,FALSE,20,41,actions/cylinder__076_cylinder.csv,TRUE,"Pouch starts at top-left with banana below, plush nearby, tray empty at right. The arm grasps the pouch and carries it rightward through a rotating arc. In the final frames the pouch rests on the tray with its pink edges visible, plush and banana clustered nearby.",Pouch ends the episode resting on the tray.,normal,3,1,4,122.9,106,0.18,0.06,0.18,1.076,0.838
cylinder__083_cylinder,cylinder,083_cylinder,put the cylinder on the tray,358,20.3,FALSE,,FALSE,15,31,actions/cylinder__083_cylinder.csv,FALSE,"Pouch starts at top-left with banana and plush nearby, tray empty at right. The arm engages, lifts the pouch through a high rotating arc across many frames. However, in the final frames the arm is still extended with the pouch held elevated above the workspace - the pouch and banana are suspended in the air above the tray area, the plush is near the tray, and the pouch was never set down on it.","The pouch was grasped and lifted but the arm ended the episode with the pouch still elevated, never placing it on the tray. Manifest also flags converged=False.",oscillation,9,8,17,133.3,111.8,0.687,0.611,0.687,2.96,2.103
cylinder__090_cylinder,cylinder,090_cylinder,put the cylinder on the tray,176,14,TRUE,,FALSE,5,11,actions/cylinder__090_cylinder.csv,FALSE,"A short episode (~14 seconds, 5 chunks). The scene is essentially static across all sampled frames: pouch at left, plush toy sitting on/near the tray at right with banana between them. The gripper shows only very subtle positional drift but never approaches or grasps the pouch in any meaningful way.",No meaningful grasp or transport attempt: the pouch remains in its starting position throughout and the arm does not engage it.,zero_movement,0,0,0,2.6,2.3,0,0,0,0.399,0.366
cylinder__097_cylinder,cylinder,097_cylinder,put the cylinder on the tray,160,13.9,TRUE,,FALSE,5,11,actions/cylinder__097_cylinder.csv,FALSE,"A short episode (~14 seconds, 5 chunks). The scene remains static across all sampled frames: pouch at left, plush and banana near the tray at right. The gripper stays in approximately its starting pose throughout with no visible approach or grasp attempt toward the pouch.",No meaningful movement: the arm does not approach or engage any object and the pouch remains untouched in its starting position.,zero_movement,0,0,0,1.6,2.1,0,0,0,0.346,0.407
cylinder__104_cylinder,cylinder,104_cylinder,put the cylinder on the tray,118,11.4,TRUE,,FALSE,4,9,actions/cylinder__104_cylinder.csv,FALSE,"A very short episode (~11 seconds, 4 chunks). The scene is completely static in every sampled frame: pouch at left, plush and banana near the tray at right, gripper motionless in its starting pose throughout.",Zero movement: the arm makes no approach or grasp attempt for the entire episode.,zero_movement,0,0,0,1.7,2.2,0,0,0,0.341,0.321
purse__003_purse,purse,003_purse,put the purse on the tray,421,22.2,TRUE,,FALSE,17,35,actions/purse__003_purse.csv,TRUE,"Pouch starts at top-left with the plush toy nearby, banana below, tray empty at top-right. The gripper approaches and grasps the pouch around the midpoint of the episode, lifting and rotating it through a clear arc before carrying it rightward. In the final frames the banana sits at left, plush in the middle, and the pouch rests on the tray with its pink edges visible around it.","Pouch is grasped, transported, and ends resting on the tray.",normal,5,4,9,130.2,123.4,0.329,0.263,0.329,1.293,1.106
purse__011_purse,purse,011_purse,put the purse on the tray,421,22.8,TRUE,,FALSE,17,35,actions/purse__011_purse.csv,TRUE,"Pouch begins at top-left with the plush behind it, banana below, tray empty at top-right. The arm reaches in and grips the pouch, lifting it through a rotating arc across the episode's midsection before lowering it toward the right. In the final frames the pouch rests on the tray with its edges visible, plush and banana at left.",Pouch ends the episode resting on the tray.,normal,8,5,13,136.1,116.9,0.519,0.325,0.519,1.391,1.136
purse__018_purse,purse,018_purse,put the purse on the tray,813,40.7,TRUE,,FALSE,33,67,actions/purse__018_purse.csv,TRUE,"A longer episode (33 chunks, ~41 seconds). Pouch starts at top-left with plush and banana nearby, tray empty at top-right. The gripper engages the pouch and carries it through an extended, effortful sequence of lifts and rotations across many frames. In the final frames the pouch rests on the tray with its pink edges visible, plush displaced to the side.","Despite the extended manipulation, the pouch ends resting on the tray.",oscillation,17,16,33,152.3,156.4,0.559,0.526,0.559,1.683,1.575
purse__025_purse,purse,025_purse,put the purse on the tray,852,41.2,TRUE,,FALSE,35,71,actions/purse__025_purse.csv,TRUE,"Another long episode (35 chunks, ~41 seconds). Pouch begins at top-left with plush toy and banana nearby, tray empty at top-right. The arm works the pouch through repeated grasps and rotations across many frames before finally carrying it to the right. In the final frames the pouch rests on the tray with its pink edges visible, the plush nearby.",Pouch is ultimately deposited on the tray after extended manipulation.,normal,11,11,22,158.9,162,0.354,0.354,0.354,1.478,1.432
purse__032_purse,purse,032_purse,put the purse on the tray,617,30.4,TRUE,,FALSE,25,51,actions/purse__032_purse.csv,TRUE,"Pouch starts at top-left, plush and banana nearby, tray empty at top-right. The gripper grasps the pouch and carries it rightward with rotation through the episode's middle section. In the final frames the pouch rests on the tray with its pink edges clearly visible around it, plush and banana displaced to the left.",Pouch ends the episode resting on the tray.,normal,15,6,21,135.1,130.1,0.655,0.262,0.655,1.276,1.08
purse__039_purse,purse,039_purse,put the purse on the tray,1319,62.8,FALSE,,FALSE,54,109,actions/purse__039_purse.csv,FALSE,"A very long episode (54 chunks, ~63 seconds, converged=False). Pouch starts at top-left with plush and banana nearby, tray at top-right. The arm engages in extensive, repeated manipulation � multiple grasps, lifts, rotations, and repositioning attempts across many frames. By the final frames the arm is still actively reaching toward objects, the scene is disordered with plush and banana displaced, and the pouch has not been cleanly deposited on the tray.","Pouch is placed on the tray, howver episode does not end after success, robot continued to try to pick up the toy",erratic,25,28,53,144.9,141,0.519,0.581,0.581,1.651,1.418
purse__046_purse,purse,046_purse,put the purse on the tray,421,22.3,TRUE,,FALSE,17,35,actions/purse__046_purse.csv,TRUE,"Pouch starts at top-left, plush nearby, banana below, tray empty at top-right. The arm grasps the pouch and carries it rightward with rotation. In the final frames the pouch rests on the tray with banana beside it and the plush perched on top, tray edges visible around the pouch.",Pouch ends the episode resting on the tray.,normal,5,3,8,112.1,89,0.318,0.191,0.318,1.169,0.913
purse__053_purse,purse,053_purse,put the purse on the tray,739,36.5,FALSE,,FALSE,30,61,actions/purse__053_purse.csv,FALSE,"Episode runs 30 chunks (~37 seconds, converged=False). Pouch starts at top-left with plush and banana nearby, tray at top-right. The gripper engages the pouch and carries it through extended manipulation across many frames, but by the final frames the pouch has not been cleanly placed on the tray � it rests at an ambiguous position near the tray's edge or beside it, with the plush on the tray area instead.",The pouch is not confirmed resting on the tray at episode end; the episode is also flagged as not converged.,normal,10,14,24,166.3,171.9,0.372,0.52,0.52,0.879,1.05
purse__060_purse,purse,060_purse,put the purse on the tray,612,29.8,TRUE,,FALSE,25,51,actions/purse__060_purse.csv,TRUE,"Pouch starts at top-left, plush and banana nearby, tray empty at top-right. The arm grasps the pouch and carries it rightward with rotation through the episode's midsection. In the final frames the pouch rests on the tray with its pink edges visible, plush nearby.",Pouch ends the episode resting on the tray.,normal,6,6,12,141.6,133.2,0.274,0.274,0.274,1.027,0.974
purse__067_purse,purse,067_purse,put the purse on the tray,1340,60.4,FALSE,,FALSE,55,111,actions/purse__067_purse.csv,TRUE,"A very long episode (55 chunks, ~60 seconds, converged=False). Pouch starts at top-left with plush and banana nearby, tray at top-right. The arm engages in extensive, repeated manipulation — grasping, lifting, rotating the pouch through many frames without cleanly depositing it on the tray. In the final frames the pouch appears elevated in the gripper or resting beside the tray, not on it.","Despite a very long manipulation sequence, the pouch is successfully placed. The episode does not end, and tries to pick up toy. ",oscillation,40,36,76,162.9,159.2,0.825,0.742,0.825,2.363,2.093
purse__074_purse,purse,074_purse,put the purse on the tray,635,31.5,TRUE,,FALSE,25,51,actions/purse__074_purse.csv,TRUE,"Pouch starts at top-left, plush and banana nearby, tray empty at top-right. The gripper grasps the pouch and carries it rightward with rotation through the episode's midsection. In the final frames the pouch rests on the tray with its pink edges visible around it, plush nearby and banana displaced.",Pouch ends the episode resting on the tray.,normal,14,9,23,125.3,105.3,0.617,0.396,0.617,1.408,1.122
purse__081_purse,purse,081_purse,put the purse on the tray,126,9.7,TRUE,,FALSE,5,11,actions/purse__081_purse.csv,TRUE,"A short but active episode (5 chunks, ~10 seconds). Despite the brevity, significant motion is visible: the pouch is quickly grasped and repositioned toward the tray area. In the final frames the pouch rests at the tray location with the tray's edges visible beneath it.",Pouch ends the episode resting on the tray despite the short duration.,zero_movement,0,0,0,3.2,3.3,0,0,0,0.329,0.294
purse__088_purse,purse,088_purse,put the purse on the tray,494,25.2,TRUE,,FALSE,20,41,actions/purse__088_purse.csv,TRUE,"Pouch starts at top-left, plush and banana nearby, tray empty at top-right. The arm grasps the pouch and carries it rightward with rotation. In the final frames the pouch rests on the tray with the plush perched on top of it and the banana to the right, tray edges visible around the pouch.",Pouch ends the episode resting on the tray.,normal,7,7,14,129.7,115.8,0.387,0.387,0.387,1.188,1.04
purse__095_purse,purse,095_purse,put the purse on the tray,392,21.1,FALSE,,FALSE,16,33,actions/purse__095_purse.csv,FALSE,"Episode runs 16 chunks (~21 seconds, converged=False). Pouch starts at top-left, plush and banana nearby, tray at top-right. The arm engages the pouch but by the final frames the pouch remains elevated in the gripper or off to the side, not placed on the tray. The arm appears still extended without completing the placement.",Pouch is not placed on the tray by episode end; the episode is flagged as not converged.,normal,11,9,20,158.1,157.4,0.728,0.596,0.728,2.274,2.036
purse__102_purse,purse,102_purse,put the purse on the tray,616,29.7,TRUE,,FALSE,25,51,actions/purse__102_purse.csv,TRUE,"Pouch starts at top-left, plush and banana nearby, tray empty at top-right. The gripper grasps the pouch and carries it rightward through an extended rotation across the episode's midsection. In the final frames the pouch rests on the tray with its pink edges clearly visible around it, plush and banana displaced to the left.",Pouch ends the episode resting on the tray.,normal,8,8,16,145.5,132.3,0.352,0.352,0.352,1.143,1.064
roll__002_roll,roll,002_roll,put the roll on the tray,372,20.1,TRUE,,FALSE,15,31,actions/roll__002_roll.csv,TRUE,"Plush toy and pouch start clustered at top-left with banana, tray empty at right. The arm approaches and works into the cluster, gradually separating the pouch. Through the middle frames the arm lifts the pouch and carries it rightward with rotation. In the final frames the pouch rests diagonally across the tray with the plush toy perched on top and banana to the left, tray's pink edges clearly visible.",Pouch ends the episode resting on the tray.,normal,4,2,6,131.8,117.5,0.296,0.148,0.296,1.283,1.068
roll__009_roll,roll,009_roll,put the roll on the pouch,423,21.7,TRUE,,FALSE,17,35,actions/roll__009_roll.csv,TRUE,"Pouch, banana, and plush clustered at left with tray at right. Note: task prompt unusually says 'put the roll on the pouch' rather than 'on the tray'. Through the middle frames the arm manipulates objects extensively — grasping, lifting, rotating. By the final frames the pouch appears draped across the tray area with banana on top and plush nearby.",Pouch ends the episode resting on the tray despite the unusual prompt wording.,normal,4,3,7,123.5,100.2,0.253,0.19,0.253,1.072,0.934
roll__010_roll,roll,010_roll,put the roll on the tray,419,23.5,TRUE,,FALSE,17,35,actions/roll__010_roll.csv,TRUE,"Pouch, banana, and plush clustered at top-left, tray empty at right. Through the middle frames the arm approaches and engages the pouch, lifting and rotating it through an extended arc. In the final frames the pouch (large dark cylindrical object) rests across the tray with the banana on top and plush nearby — tray's pink edges visible beneath.",Pouch ends the episode resting on the tray.,normal,9,6,15,132.7,129.1,0.566,0.377,0.566,1.266,1.117
roll__017_roll,roll,017_roll,put the roll on the tray,298,17.6,TRUE,,FALSE,12,25,actions/roll__017_roll.csv,TRUE,"A shorter episode (12 chunks, ~18 seconds). Pouch at top-left with plush behind it, banana below, tray empty at right. Through the middle frames the arm approaches and engages the pouch, lifting and carrying it rightward. In the final frames all three objects are clustered near the tray area — the pouch rests near/on the tray with the plush beside it and banana below, tray partially visible.",Pouch is transported and ends resting on/at the tray location. [CORRECTED: manual_success changed FALSE→TRUE to match visual evidence and verdict.],normal,6,6,12,155,153.7,0.556,0.556,0.556,1.498,1.947
roll__024_roll,roll,024_roll,put the roll on the tray,444,23.3,TRUE,,FALSE,18,37,actions/roll__024_roll.csv,TRUE,"Pouch at top-left above the banana, plush behind, tray empty at right. Through the middle frames the arm engages the pouch and lifts it, carrying it through an extended rotating arc overhead. By the final frames the pouch rests on the tray with the plush toy and banana draped across/on top of it — the tray's pink edges visible peeking out beneath the cluster.",Pouch ends the episode resting on the tray.,normal,4,6,10,128.8,119.4,0.25,0.375,0.375,1.095,1.153
roll__031_roll,roll,031_roll,put the roll on the tray,469,24.1,TRUE,,FALSE,19,39,actions/roll__031_roll.csv,TRUE,"Plush and pouch clustered at top-left, banana below, tray empty at right. Through the middle frames the arm approaches and engages the pouch, lifting and rotating it through a wide arc across many frames. In the final frames the pouch rests near the tray with the plush on top and banana extending across — the tray's pink edges visible.",Pouch ends the episode resting on the tray.,normal,6,4,10,138.4,137.8,0.355,0.237,0.355,1.058,1.019
roll__038_roll,roll,038_roll,put the roll on the tray,688,34,FALSE,,FALSE,28,57,actions/roll__038_roll.csv,FALSE,"A longer episode (28 chunks, ~34 seconds, converged=False). Plush and pouch at top-left, tray empty at right. The arm grabs the pouch and lifts it through extensive rotation — carrying it overhead across many frames. Through the mid-bottom rows the arm continues to manipulate the pouch with repeated repositioning, and the plush gets displaced. By the final frames the pouch rests near the left side with the plush below it, and the tray remains empty at right — the gripper is still hovering near the cluster.",The pouch was grasped and lifted but never placed on the tray; the tray remains empty at episode end. Episode is flagged as not converged.,oscillation,21,19,40,146.4,138.2,0.837,0.757,0.837,2.478,2.408
roll__045_roll,roll,045_roll,put the roll on the tray,568,30.3,TRUE,,FALSE,23,47,actions/roll__045_roll.csv,TRUE,"Plush, pouch, and banana clustered at top-left, tray empty at right with pink edges visible. Through the middle frames the arm engages the cluster, grasps and lifts the pouch, carrying it rightward with rotation. In the final frames the pouch rests on/across the tray with the plush on top and banana extending to the right — the tray's pink edges visible beneath.",Pouch ends the episode resting on the tray.,normal,9,4,13,120,119.1,0.411,0.183,0.411,1.105,0.969
roll__052_roll,roll,052_roll,put the roll on the tray,471,23.9,TRUE,,FALSE,19,39,actions/roll__052_roll.csv,TRUE,"Pouch at top-left with plush behind it and banana below, tray visible at right. Through the middle frames the arm engages the pouch, lifting it with the plush still clinging — both carried together rightward through rotation. In the final frames the pouch rests on/across the tray area with the plush on top and banana hanging off to the left — the tray's pink edges visible at the right side beneath the pouch.",Pouch ends the episode resting on the tray.,normal,9,8,17,129,108.7,0.533,0.473,0.533,1.422,1.338
roll__059_roll,roll,059_roll,put the roll on the tray,597,30.9,TRUE,,FALSE,25,51,actions/roll__059_roll.csv,TRUE,"Plush, pouch, and banana clustered at top-left/center, pouch lying near the tray. Through the middle frames the arm works extensively — grasping, lifting, rotating the pouch with the plush still attached/nearby, carrying the cluster rightward through many frames. In the final frames the pouch rests on/across the tray at the right with the plush perched on top and banana below — the tray is covered by the pouch.",Pouch ends the episode resting on the tray.,normal,0,0,0,136.6,133.3,0,0,0,0.789,0.738
roll__066_roll,roll,066_roll,put the roll on the tray,177,11.9,TRUE,,FALSE,7,15,actions/roll__066_roll.csv,FALSE,"A short episode (7 chunks, ~12 seconds). The scene appears nearly static across all frames from top to bottom row: plush, banana, and pouch clustered at top-left beside the tray. The gripper shows only very slight movement but never commits to an approach or grasp. The pouch stays in its starting position throughout — no meaningful transport occurs.",No meaningful grasp or transport: the pouch remains in its starting position and is not placed on the tray.,zero_movement,0,0,0,2.2,3.3,0,0,0,0.301,0.304
roll__073_roll,roll,073_roll,put the roll on the tray,568,28.8,TRUE,,FALSE,23,47,actions/roll__073_roll.csv,TRUE,"Pouch at top-left with banana leaning against it, plush nearby, tray at right. Through the middle frames the arm approaches and engages the pouch — grasping and lifting it clearly, carrying it through a long rotating arc rightward with the plush dragged along. In the final frames the pouch rests on/across the tray with the plush perched on top and banana beside it — tray's pink edges visible at the edges.",Pouch ends the episode resting on the tray.,normal,1,4,5,126,111.9,0.048,0.19,0.19,0.926,0.798
roll__080_roll,roll,080_roll,put the roll on the tray,497,25.6,FALSE,,FALSE,21,43,actions/roll__080_roll.csv,FALSE,"Episode runs 21 chunks (~26 seconds, converged=False). Pouch at left, banana on top, plush nearby, tray visible at right. Through the middle frames the arm actively engages — grasping and lifting the pouch with banana still attached, carrying it through extensive rotation and repositioning. By the final frames the pouch is still being held/manipulated by the arm near the right side — elevated and not cleanly deposited on the tray.",The pouch was grasped and carried but not placed on the tray by episode end; the episode is flagged as not converged.,normal,11,13,24,152.2,142.8,0.604,0.714,0.714,1.948,1.952
roll__087_roll,roll,087_roll,put the roll on the tray,225,13.2,TRUE,,FALSE,9,19,actions/roll__087_roll.csv,TRUE,"A shorter episode (9 chunks, ~13 seconds). Plush at top-left, pouch and banana already clustered near the tray at right. Through the frames the arm approaches slightly but the arrangement of objects barely changes. The pouch appears resting on/at the tray location with the plush on top throughout. Manifest shows converged=True.",Pouch rests on/at the tray location by episode end.,normal,0,0,0,38.9,26.1,0,0,0,0.688,0.577
roll__094_roll,roll,094_roll,put the roll on the tray,104,9.6,TRUE,,FALSE,3,7,actions/roll__094_roll.csv,FALSE,"A very short episode (3 chunks, ~10 seconds). The scene is completely static across every sampled frame: pouch at center, plush on top, banana below, objects clustered near the tray at right. The gripper never moves from its starting pose — no approach, no grasp attempt visible at any point.",Zero movement: the arm does not attempt to approach or grasp any object.,zero_movement,0,0,0,1.5,1.8,0,0,0,0.329,0.302
roll__101_roll,roll,101_roll,put the roll on the tray,636,31.8,TRUE,,FALSE,25,51,actions/roll__101_roll.csv,TRUE,"Plush at left, pouch and banana clustered near/on the tray at right. Through the middle frames the arm engages actively — approaching from the left, grasping the pouch and working it through rotation and repositioning across many frames. In the final frames the pouch rests across the tray area with the plush perched on top, banana beside it — the tray's pink edges visible at the edges.",Pouch ends the episode resting on the tray.,normal,6,6,12,141,138.5,0.26,0.26,0.26,0.989,0.966
