episode_id,num_actions,duration_s,sl_major_rev,ef_major_rev,total_major_rev,sl_range,ef_range,sl_mean_v,ef_mean_v
purse__067_purse,1340,48.5,40,36,76,162.9,159.2,2.363,2.093
brown__030_brown,1326,49.1,32,32,64,155.2,152.6,1.547,1.567
bag__075_bag,1150,41.6,33,27,60,121.8,106.1,1.666,1.3
brown__072_brown,866,31.4,30,30,60,166.5,163.2,2.385,2.133
purse__039_purse,1319,48.2,25,28,53,144.9,141.0,1.651,1.418
brown__028_brown,1326,47.9,23,23,46,158.8,154.6,1.498,1.363
box__078_box,1006,36.4,20,20,40,147.7,133.1,1.272,1.143
roll__038_roll,688,25.1,21,19,40,146.4,138.2,2.478,2.408
cylinder__005_cylinder,592,21.8,19,17,36,151.5,144.0,2.593,2.35
purse__018_purse,813,30.4,17,16,33,152.3,156.4,1.683,1.575
bag__033_bag,641,23.7,17,15,32,163.8,157.1,1.322,1.407
bag__068_bag,738,26.4,14,14,28,145.7,148.6,2.217,1.97
cylinder__034_cylinder,523,18.8,14,14,28,162.9,152.5,1.839,2.067
purse__053_purse,739,26.9,10,14,24,166.3,171.9,0.879,1.05
roll__080_roll,497,18.2,11,13,24,152.2,142.8,1.948,1.952
purse__074_purse,635,22.7,14,9,23,125.3,105.3,1.408,1.122
brown__058_brown,568,20.9,11,11,22,137.1,127.4,1.392,1.257
purse__025_purse,852,31.1,11,11,22,158.9,162.0,1.478,1.432
bag__054_bag,444,16.3,11,10,21,140.3,131.8,1.569,1.682
purse__032_purse,617,22.9,15,6,21,135.1,130.1,1.276,1.08
box__015_box,591,22.0,7,13,20,162.7,160.0,1.298,1.343
brown__042_brown,494,17.9,12,8,20,134.6,119.9,1.413,1.138
brown__065_brown,516,18.9,11,9,20,133.6,122.0,1.507,1.302
purse__095_purse,392,15.1,11,9,20,158.1,157.4,2.274,2.036
brown__016_brown,470,17.9,9,10,19,150.9,159.4,1.384,1.488
cylinder__083_cylinder,358,13.1,9,8,17,133.3,111.8,2.96,2.103
roll__052_roll,471,16.9,9,8,17,129.0,108.7,1.422,1.338
bag__026_bag,519,18.9,9,7,16,125.8,118.8,1.44,1.287
bag__040_bag,421,15.2,10,6,16,162.5,145.7,1.291,1.121
brown__100_brown,568,20.8,8,8,16,147.8,135.8,1.164,1.022
cylinder__020_cylinder,530,19.1,8,8,16,146.8,144.0,1.246,1.355
cylinder__062_cylinder,617,22.4,8,8,16,136.7,129.8,1.071,1.043
purse__102_purse,616,22.7,8,8,16,145.5,132.3,1.143,1.064
roll__010_roll,419,15.9,9,6,15,132.7,129.1,1.266,1.117
bag__012_bag,468,16.9,8,6,14,124.0,108.6,1.353,1.15
bag__061_bag,520,19.1,8,6,14,141.8,143.1,1.214,1.16
purse__088_purse,494,18.1,7,7,14,129.7,115.8,1.188,1.04
brown__086_brown,451,16.1,8,5,13,129.2,124.8,1.182,1.067
purse__011_purse,421,15.4,8,5,13,136.1,116.9,1.391,1.136
roll__045_roll,568,21.9,9,4,13,120.0,119.1,1.105,0.969
box__036_box,546,19.9,7,5,12,146.9,131.8,1.049,0.969
brown__001_brown,481,17.5,6,6,12,124.5,128.2,1.064,1.007
brown__006_brown,421,16.2,6,6,12,127.2,119.2,1.373,1.245
brown__014_brown,464,17.4,6,6,12,131.4,137.4,1.317,1.156
brown__070_brown,493,17.4,6,6,12,122.3,121.5,1.144,1.099
cylinder__013_cylinder,440,16.2,9,3,12,131.5,116.3,1.369,1.189
purse__060_purse,612,21.9,6,6,12,141.6,133.2,1.027,0.974
roll__017_roll,298,10.8,6,6,12,155.0,153.7,1.498,1.947
roll__101_roll,636,23.1,6,6,12,141.0,138.5,0.989,0.966
bag__082_bag,597,22.0,8,3,11,149.4,145.6,1.085,0.988
box__000_box,433,15.5,8,3,11,130.8,129.9,1.249,1.167
bag__047_bag,408,14.9,7,3,10,117.6,95.6,1.346,0.995
box__071_box,421,15.2,5,5,10,130.5,123.9,1.514,1.243
brown__021_brown,569,20.3,3,7,10,142.8,148.4,1.006,0.98
brown__037_brown,541,19.9,6,4,10,134.8,134.4,1.176,1.048
roll__024_roll,444,16.0,4,6,10,128.8,119.4,1.095,1.153
roll__031_roll,469,16.9,6,4,10,138.4,137.8,1.058,1.019
brown__035_brown,543,19.6,6,3,9,136.8,126.2,0.979,0.953
brown__051_brown,481,17.7,4,5,9,149.6,156.3,1.273,1.244
brown__093_brown,460,17.2,5,4,9,166.6,149.5,2.114,1.858
purse__003_purse,421,15.2,5,4,9,130.2,123.4,1.293,1.106
bag__004_bag,462,16.8,5,3,8,130.8,121.5,1.107,0.972
bag__103_bag,663,25.0,6,2,8,145.4,148.5,1.077,0.981
box__029_box,592,21.8,4,4,8,140.0,143.5,0.978,0.927
brown__008_brown,421,15.5,4,4,8,129.2,131.9,1.139,0.991
cylinder__027_cylinder,495,18.1,3,5,8,161.0,159.0,1.182,1.264
cylinder__041_cylinder,564,20.7,6,2,8,138.9,129.2,0.993,0.836
purse__046_purse,421,15.7,5,3,8,112.1,89.0,1.169,0.913
box__007_box,400,15.9,5,2,7,131.9,132.9,1.056,1.023
box__022_box,466,17.4,6,1,7,124.7,108.3,1.122,0.96
brown__084_brown,641,23.8,3,4,7,138.3,142.5,0.95,0.895
roll__009_roll,423,15.8,4,3,7,123.5,100.2,1.072,0.934
brown__056_brown,593,21.9,2,4,6,143.2,143.5,1.027,1.04
roll__002_roll,372,13.5,4,2,6,131.8,117.5,1.283,1.068
brown__044_brown,392,14.2,4,1,5,108.2,92.6,1.305,0.959
brown__063_brown,519,19.4,4,1,5,144.0,141.4,1.001,0.97
brown__079_brown,541,19.5,3,2,5,147.1,131.5,0.985,0.83
cylinder__069_cylinder,419,15.2,3,2,5,130.9,131.1,1.08,1.124
roll__073_roll,568,21.0,1,4,5,126.0,111.9,0.926,0.798
box__043_box,494,18.6,4,0,4,113.2,103.2,0.923,0.76
box__050_box,463,17.3,2,2,4,151.7,145.7,1.114,1.04
brown__023_brown,492,18.2,0,4,4,158.2,149.3,1.029,0.983
brown__049_brown,396,14.3,4,0,4,116.2,98.1,1.169,0.962
cylinder__055_cylinder,471,17.2,4,0,4,145.7,134.4,1.162,0.94
cylinder__076_cylinder,469,16.7,3,1,4,122.9,106.0,1.076,0.838
bag__019_bag,513,18.9,2,1,3,130.2,106.7,1.014,0.837
cylinder__048_cylinder,470,17.1,3,0,3,118.1,100.9,0.829,0.697
box__057_box,541,19.6,2,0,2,139.8,133.8,0.892,0.825
bag__089_bag,103,5.5,0,0,0,1.5,2.0,0.259,0.308
bag__092_bag,105,5.2,0,0,0,1.2,1.7,0.252,0.257
bag__096_bag,124,4.5,0,0,0,2.2,1.6,0.33,0.356
box__064_box,146,6.2,0,0,0,1.9,3.0,0.332,0.306
box__085_box,103,5.2,0,0,0,1.4,1.9,0.264,0.284
box__099_box,177,6.4,0,0,0,3.4,3.1,0.371,0.325
brown__077_brown,421,15.7,0,0,0,121.8,109.1,1.042,0.905
brown__091_brown,122,5.8,0,0,0,1.3,1.3,0.267,0.243
brown__098_brown,126,6.0,0,0,0,2.2,1.9,0.343,0.284
brown__105_brown,151,6.9,0,0,0,1.8,2.0,0.314,0.309
cylinder__090_cylinder,176,8.7,0,0,0,2.6,2.3,0.399,0.366
cylinder__097_cylinder,160,8.0,0,0,0,1.6,2.1,0.346,0.407
cylinder__104_cylinder,118,5.7,0,0,0,1.7,2.2,0.341,0.321
purse__081_purse,126,4.4,0,0,0,3.2,3.3,0.329,0.294
roll__059_roll,597,22.0,0,0,0,136.6,133.3,0.789,0.738
roll__066_roll,177,6.5,0,0,0,2.2,3.3,0.301,0.304
roll__087_roll,225,8.2,0,0,0,38.9,26.1,0.688,0.577
roll__094_roll,104,4.3,0,0,0,1.5,1.8,0.329,0.302
