action_n,t,step,queue,dmax,shoulder_pan,shoulder_lift,elbow_flex,wrist_flex,wrist_roll,gripper
1,1.00,0,50,,-3.89,-101.15,87.95,74.72,-0.93,0.98
2,1.04,1,49,0.525,-4.42,-101.29,87.83,74.7,-0.93,0.93
3,1.07,2,48,0.357,-4.18,-101.33,87.47,74.66,-1.0,0.94
4,1.10,3,47,0.828,-4.31,-102.15,87.81,74.61,-0.91,0.83
5,1.14,4,46,0.514,-4.44,-101.64,87.72,74.36,-0.92,0.87
6,1.17,5,45,0.400,-4.32,-101.86,87.32,74.26,-0.87,0.74
7,1.20,6,44,0.628,-4.28,-101.96,87.95,74.18,-0.98,0.93
8,1.24,7,43,0.248,-4.17,-101.71,87.82,74.29,-0.91,0.94
9,1.27,8,42,0.467,-4.29,-101.71,87.53,73.82,-0.88,0.95
10,1.31,9,41,0.164,-4.16,-101.69,87.4,73.98,-0.88,0.97
11,1.34,10,40,0.580,-4.45,-102.27,87.24,73.99,-0.91,0.97
12,1.37,11,39,0.757,-4.12,-101.51,87.29,73.62,-0.89,0.91
13,1.41,12,38,0.716,-4.14,-102.22,87.81,73.42,-0.88,0.86
14,1.44,13,37,0.900,-3.98,-101.32,87.62,73.29,-0.93,0.94
15,1.47,14,36,0.558,-3.75,-100.77,87.63,73.29,-0.82,0.86
16,1.51,15,35,0.681,-3.67,-101.45,87.41,73.21,-0.9,0.96
17,1.54,16,34,0.461,-3.62,-100.99,87.83,72.91,-0.93,0.93
18,1.57,17,33,0.120,-3.63,-101.05,87.74,72.85,-0.89,0.81
19,1.61,18,32,0.588,-3.47,-100.46,87.41,72.94,-0.9,0.84
20,1.64,19,31,0.509,-3.24,-100.97,87.45,72.82,-0.94,0.92
21,1.67,20,30,0.256,-3.5,-101.06,87.35,72.75,-0.83,0.87
22,1.71,21,29,0.391,-3.19,-101.04,87.74,72.88,-0.86,0.95
23,1.74,22,28,0.599,-3.73,-100.44,87.26,73.01,-0.85,0.78
24,1.77,23,27,0.799,-3.69,-101.24,87.32,72.99,-0.85,0.97
25,1.81,24,26,0.600,-3.86,-101.47,86.73,73.12,-0.81,1.01
26,1.84,25,25,0.476,-4.33,-101.36,86.99,73.09,-0.84,1.05
27,1.87,26,24,0.324,-4.62,-101.03,86.83,72.99,-0.97,1.12
28,1.91,27,23,0.788,-5.13,-101.82,86.65,73.23,-0.84,0.78
29,1.94,28,22,0.772,-5.47,-101.05,86.82,73.32,-0.84,0.84
30,1.97,29,21,0.967,-6.44,-101.41,85.94,73.44,-0.78,0.92
31,2.01,30,20,0.899,-7.34,-101.22,85.71,73.39,-0.85,1.0
32,2.04,31,22,1.656,-8.6,-101.47,84.88,71.74,-1.01,1.01
33,2.07,32,21,0.525,-8.86,-100.95,84.5,71.75,-1.06,0.96
34,2.11,33,20,0.262,-9.12,-101.19,84.43,71.87,-0.96,1.05
35,2.14,34,19,0.454,-9.5,-100.74,84.28,71.66,-0.96,1.1
36,2.17,35,18,0.362,-9.86,-100.99,84.36,71.94,-1.04,1.02
37,2.21,36,17,0.313,-10.18,-100.81,84.4,71.95,-1.06,1.09
38,2.24,37,16,0.351,-10.33,-101.16,84.09,71.9,-1.07,1.02
39,2.28,38,15,0.334,-10.57,-101.49,84.07,71.88,-0.98,1.13
40,2.31,39,14,0.583,-11.01,-100.91,83.78,71.74,-1.05,1.06
41,2.34,40,13,0.128,-11.11,-101.04,83.86,71.64,-1.02,1.0
42,2.38,41,12,0.282,-11.39,-101.08,83.61,71.68,-1.09,1.12
43,2.41,42,11,0.306,-11.69,-101.39,83.61,71.6,-1.01,1.09
44,2.44,43,10,0.609,-12.08,-100.78,83.88,71.63,-1.12,1.16
45,2.48,44,9,0.541,-12.23,-101.32,83.34,71.56,-1.09,1.06
46,2.51,45,8,0.323,-12.51,-100.99,83.48,71.52,-1.08,1.17
47,2.54,46,7,0.329,-12.7,-100.67,83.5,71.51,-1.09,1.0
48,2.58,47,6,0.337,-12.82,-101.0,83.63,71.51,-1.1,1.02
49,2.61,48,5,0.551,-12.96,-100.67,83.08,71.76,-1.04,1.05
50,2.64,49,4,0.341,-13.26,-100.43,83.07,72.11,-1.05,1.03
51,2.68,50,3,2.504,-10.75,-100.45,81.63,73.69,-1.18,1.07
52,2.71,51,2,0.363,-10.75,-100.44,81.74,74.05,-1.2,1.06
53,2.74,52,1,0.372,-10.9,-100.65,81.37,74.28,-1.24,0.96
54,2.91,53,27,3.470,-14.37,-101.45,82.61,71.88,-0.94,0.8
55,2.94,54,26,0.386,-14.76,-101.42,82.28,72.11,-0.84,0.8
56,2.98,55,25,0.333,-15.09,-101.28,82.29,72.12,-0.88,0.67
57,3.01,56,24,0.277,-15.36,-101.22,82.24,72.27,-0.91,0.79
58,3.05,57,23,0.293,-15.66,-101.06,82.04,72.47,-0.93,0.65
59,3.08,58,22,0.455,-15.84,-101.52,81.59,72.67,-0.95,0.72
60,3.11,59,21,0.786,-15.95,-100.73,81.16,72.69,-0.95,0.76
61,3.15,60,20,0.551,-16.26,-101.28,81.07,73.04,-0.95,0.68
62,3.18,61,19,0.389,-16.25,-101.04,80.68,73.31,-1.02,0.77
63,3.21,62,18,0.333,-16.58,-100.97,80.8,73.54,-1.08,0.73
64,3.25,63,17,0.812,-16.92,-100.93,79.99,73.55,-1.14,0.7
65,3.28,64,16,0.301,-17.11,-100.63,79.93,73.36,-1.13,0.62
66,3.31,65,15,0.359,-17.28,-100.98,79.95,73.7,-1.16,0.66
67,3.35,66,14,0.564,-17.25,-100.92,79.38,73.69,-1.17,0.69
68,3.38,67,13,0.394,-17.47,-101.31,79.24,73.75,-1.18,0.65
69,3.41,68,12,0.735,-17.62,-100.58,78.93,73.72,-1.24,0.68
70,3.45,69,11,0.343,-17.86,-100.72,78.59,73.88,-1.23,0.6
71,3.48,70,10,0.220,-17.9,-100.5,78.69,73.94,-1.27,0.74
72,3.51,71,9,0.121,-17.97,-100.54,78.57,73.96,-1.37,0.85
73,3.55,72,8,0.474,-18.12,-100.56,78.1,73.92,-1.39,0.6
74,3.58,73,7,0.466,-18.19,-100.55,77.63,73.94,-1.42,0.73
75,3.61,74,6,0.186,-18.38,-100.45,77.63,74.04,-1.42,0.73
76,3.65,75,5,0.276,-18.32,-100.33,77.57,74.31,-1.44,0.8
77,3.68,76,4,0.391,-18.41,-99.94,77.56,74.21,-1.49,0.78
78,3.71,77,3,0.631,-18.1,-100.57,77.12,74.24,-1.53,0.73
79,3.75,78,2,0.701,-18.14,-99.87,76.95,74.38,-1.53,0.83
80,3.78,79,1,0.399,-18.18,-99.9,77.34,74.27,-1.7,0.67
81,3.81,80,22,26.186,-14.05,-73.72,61.09,71.08,-5.22,1.26
82,3.85,81,21,2.465,-13.87,-71.25,59.26,71.15,-5.55,1.29
83,3.88,82,20,1.551,-14.24,-69.7,58.06,71.14,-5.42,1.31
84,3.91,83,19,1.680,-14.09,-68.02,57.11,71.02,-5.6,1.17
85,3.95,84,18,1.816,-14.22,-66.59,55.29,71.08,-5.61,1.33
86,3.98,85,17,2.051,-14.35,-64.54,54.69,70.93,-5.61,1.35
87,4.02,86,16,1.399,-14.12,-63.14,53.93,70.84,-5.6,1.2
88,4.05,87,15,1.650,-14.1,-61.49,52.47,70.93,-5.61,1.26
89,4.08,88,14,1.148,-14.13,-60.61,51.33,71.07,-5.56,1.46
90,4.12,89,13,1.692,-14.11,-58.92,51.32,71.02,-5.44,1.35
91,4.15,90,12,1.248,-14.41,-57.97,50.07,70.86,-5.37,1.32
92,4.18,91,11,0.948,-14.24,-57.02,49.53,70.96,-5.38,1.32
93,4.22,92,10,1.685,-14.15,-55.34,48.75,71.1,-5.25,1.48
94,4.25,93,9,0.570,-14.21,-54.9,48.18,70.95,-5.31,1.38
95,4.28,94,8,1.049,-14.07,-53.85,47.57,71.01,-5.38,1.48
96,4.32,95,7,0.960,-14.29,-52.89,46.69,70.99,-5.35,1.46
97,4.35,96,6,0.553,-13.94,-52.65,46.13,70.88,-5.43,1.48
98,4.38,97,5,1.581,-13.97,-51.07,45.52,70.97,-5.5,1.43
99,4.42,98,4,1.251,-13.64,-49.82,44.88,71.01,-5.53,1.62
100,4.45,99,3,1.195,-13.77,-48.62,44.16,70.83,-5.71,1.58
101,4.48,100,2,0.888,-13.74,-47.74,43.56,71.09,-6.07,1.66
102,4.52,101,1,0.651,-13.8,-47.37,42.9,71.52,-6.44,1.56
103,4.68,102,26,52.194,-26.32,-99.56,73.58,74.74,-1.51,0.98
104,4.72,103,25,0.633,-26.95,-99.6,73.91,74.5,-1.73,1.04
105,4.75,104,24,0.612,-27.56,-99.23,73.5,74.32,-1.78,1.0
106,4.78,105,23,0.609,-27.96,-99.2,74.11,74.21,-1.93,0.84
107,4.82,106,22,1.246,-28.56,-98.44,72.86,73.85,-2.06,0.88
108,4.85,107,21,1.435,-29.94,-98.66,74.3,73.85,-2.16,0.85
109,4.89,108,20,0.434,-30.31,-99.09,73.91,73.6,-2.2,0.84
110,4.92,109,19,1.188,-30.51,-97.9,73.97,73.4,-2.29,0.89
111,4.95,110,18,0.556,-30.71,-97.35,73.52,73.45,-2.53,0.71
112,4.99,111,17,0.643,-31.11,-96.7,73.53,73.0,-2.49,0.55
113,5.02,112,16,0.834,-30.94,-96.68,74.28,72.16,-2.91,0.73
114,5.05,113,15,1.431,-31.04,-95.24,73.96,72.13,-3.25,0.63
115,5.09,114,14,1.217,-31.23,-94.03,73.7,71.89,-3.49,0.39
116,5.12,115,13,0.624,-31.19,-93.62,73.19,71.26,-3.84,0.66
117,5.15,116,12,0.737,-31.16,-93.64,73.76,70.53,-3.81,0.63
118,5.19,117,11,1.162,-31.19,-92.47,73.76,70.43,-4.05,0.7
119,5.22,118,10,1.347,-31.49,-91.44,72.41,70.12,-4.03,0.7
120,5.25,119,9,0.512,-31.63,-90.93,72.24,70.06,-4.52,0.91
121,5.29,120,8,1.032,-32.13,-89.89,72.58,69.75,-4.59,0.83
122,5.32,121,7,0.866,-32.13,-89.04,71.72,69.28,-4.87,0.68
123,5.35,122,6,1.159,-32.3,-87.89,71.87,69.04,-5.19,0.52
124,5.39,123,5,1.213,-32.62,-87.99,70.65,68.54,-5.53,0.58
125,5.42,124,4,2.475,-32.65,-85.52,69.86,68.4,-5.94,0.84
126,5.45,125,3,1.296,-32.64,-84.22,69.64,68.05,-6.35,0.94
127,5.49,126,2,0.892,-32.7,-83.33,68.75,67.85,-6.73,0.73
128,5.52,127,1,1.772,-32.78,-81.56,68.29,67.51,-6.83,0.69
129,5.59,128,23,55.585,-11.82,-25.97,32.11,73.25,-6.18,24.89
130,5.62,129,22,1.463,-11.81,-24.61,32.42,73.44,-6.06,26.35
131,5.65,130,21,1.039,-11.71,-24.14,32.07,73.29,-6.08,27.39
132,5.69,131,20,0.633,-11.61,-24.17,32.06,73.15,-6.06,28.02
133,5.72,132,19,0.941,-11.77,-23.5,31.12,73.19,-6.13,28.53
134,5.76,133,18,0.266,-11.83,-23.31,30.85,73.0,-6.13,28.69
135,5.79,134,17,0.902,-11.79,-22.41,31.15,73.12,-6.06,28.71
136,5.82,135,16,1.519,-11.79,-20.89,31.11,73.1,-6.0,28.74
137,5.86,136,15,0.452,-11.85,-20.44,30.81,72.82,-6.07,28.67
138,5.89,137,14,0.411,-11.69,-20.37,30.4,72.7,-5.93,28.48
139,5.92,138,13,0.968,-11.96,-19.4,30.1,72.58,-6.05,28.58
140,5.96,139,12,0.318,-11.64,-19.1,29.97,72.28,-5.99,28.41
141,5.99,140,11,0.699,-11.71,-18.4,29.73,72.25,-5.91,28.49
142,6.02,141,10,0.719,-11.62,-17.69,29.3,71.98,-6.1,28.6
143,6.06,142,9,0.759,-11.98,-16.93,29.36,72.02,-5.99,28.93
144,6.09,143,8,1.196,-11.7,-15.73,29.7,71.78,-5.89,29.1
145,6.12,144,7,1.545,-11.72,-14.61,28.15,71.46,-5.92,29.26
146,6.16,145,6,0.408,-11.82,-14.2,27.86,71.47,-5.73,29.17
147,6.19,146,5,1.516,-11.66,-12.69,27.73,71.24,-5.85,29.4
148,6.22,147,4,0.411,-11.63,-12.28,27.48,71.0,-5.79,29.72
149,6.26,148,3,1.149,-11.66,-11.13,27.18,70.69,-5.67,29.79
150,6.29,149,2,0.587,-11.87,-10.54,26.8,70.38,-5.69,29.66
151,6.32,150,1,0.499,-11.71,-10.12,26.76,69.88,-5.73,29.83
152,6.46,151,26,68.147,-46.76,-78.27,64.01,68.37,-8.91,0.84
153,6.49,152,25,0.521,-47.1,-77.76,63.49,68.44,-8.73,0.88
154,6.52,153,24,0.448,-47.55,-77.44,63.47,68.47,-8.73,0.9
155,6.56,154,23,0.416,-47.64,-77.3,63.06,68.73,-8.5,0.92
156,6.59,155,22,0.348,-47.98,-77.26,62.72,68.69,-8.47,0.91
157,6.62,156,21,1.089,-48.28,-76.17,62.4,68.45,-8.44,0.98
158,6.66,157,20,0.946,-48.45,-75.22,62.14,68.21,-8.46,0.98
159,6.69,158,19,0.195,-48.54,-75.03,62.01,68.23,-8.62,0.86
160,6.73,159,18,1.544,-48.6,-73.48,61.45,67.84,-8.62,0.94
161,6.76,160,17,0.731,-48.35,-73.05,60.72,67.95,-8.78,0.94
162,6.79,161,16,0.956,-48.07,-72.1,60.14,67.84,-8.99,0.98
163,6.83,162,15,0.787,-47.81,-71.31,59.89,67.84,-9.14,1.02
164,6.86,163,14,1.185,-47.42,-70.43,58.71,67.74,-9.32,1.14
165,6.89,164,13,1.593,-47.2,-68.84,58.05,67.74,-9.66,1.49
166,6.93,165,12,1.647,-46.91,-67.19,56.79,67.78,-9.78,2.46
167,6.96,166,11,2.119,-46.34,-65.07,55.55,67.91,-9.85,3.98
168,6.99,167,10,1.588,-46.42,-63.55,54.5,67.96,-9.72,5.57
169,7.03,168,9,1.627,-46.15,-61.92,53.75,68.05,-9.71,6.96
170,7.06,169,8,1.709,-45.97,-60.22,52.52,67.95,-9.69,8.02
171,7.09,170,7,1.610,-45.61,-58.6,52.16,67.97,-9.73,8.8
172,7.13,171,6,1.322,-45.54,-57.82,50.84,67.77,-9.8,9.35
173,7.16,172,5,1.227,-45.41,-56.6,50.7,67.57,-9.74,9.31
174,7.19,173,4,1.072,-45.43,-55.52,50.01,67.35,-9.76,9.31
175,7.23,174,3,0.720,-45.3,-54.8,49.66,67.16,-9.79,9.34
176,7.26,175,2,1.793,-45.39,-53.01,49.19,66.98,-9.85,9.51
177,7.29,176,1,0.934,-45.45,-52.08,48.73,66.64,-9.9,9.93
178,7.36,177,23,51.442,-12.49,-0.64,27.53,69.68,-6.36,8.31
179,7.39,178,22,0.263,-12.4,-0.87,27.49,69.43,-6.31,8.05
180,7.43,179,21,0.547,-12.64,-0.32,27.17,69.67,-6.38,7.63
181,7.46,180,20,0.718,-12.43,-0.85,27.31,69.67,-6.62,6.91
182,7.49,181,19,0.805,-12.48,-0.04,26.65,69.67,-6.73,6.25
183,7.53,182,18,0.384,-12.36,-0.23,26.29,70.05,-6.89,5.89
184,7.56,183,17,0.741,-12.63,-0.68,25.54,70.14,-6.78,5.86
185,7.59,184,16,1.014,-12.24,-0.34,24.53,70.76,-6.9,5.69
186,7.63,185,15,1.029,-12.38,-0.45,23.5,71.36,-6.92,5.41
187,7.66,186,14,0.725,-12.47,-0.73,23.8,72.08,-7.12,5.67
188,7.70,187,13,0.721,-12.64,-0.39,23.08,72.65,-7.18,5.74
189,7.73,188,12,0.907,-12.5,-0.58,22.17,73.55,-7.35,5.78
190,7.76,189,11,0.310,-12.69,-0.76,22.19,73.86,-7.41,5.96
191,7.80,190,10,0.969,-12.5,-0.9,21.51,74.82,-7.53,5.85
192,7.83,191,9,0.464,-12.57,-1.21,21.47,75.29,-7.47,5.84
193,7.86,192,8,1.109,-12.46,-2.32,20.6,76.11,-7.73,5.86
194,7.90,193,7,1.343,-12.54,-3.66,20.87,76.72,-7.78,5.86
195,7.93,194,6,1.286,-12.65,-4.95,19.97,77.17,-7.91,5.73
196,7.96,195,5,0.778,-12.53,-5.46,19.74,77.95,-7.99,5.95
197,8.00,196,4,1.886,-12.3,-7.34,20.0,78.64,-8.13,5.92
198,8.03,197,3,1.385,-12.32,-8.73,19.84,79.41,-8.12,5.82
199,8.06,198,2,1.940,-12.35,-10.67,19.51,80.07,-8.2,5.81
200,8.10,199,1,0.710,-12.53,-11.35,19.1,80.78,-8.21,5.93
201,8.33,200,26,34.790,-47.32,-24.04,28.22,63.39,-8.85,5.75
202,8.36,201,25,1.903,-47.02,-22.13,26.89,63.66,-8.92,7.3
203,8.40,202,24,2.064,-46.66,-21.07,25.83,64.04,-9.09,9.37
204,8.43,203,23,1.688,-46.3,-20.75,24.89,64.5,-9.12,11.05
205,8.46,204,22,1.358,-46.06,-20.25,25.04,64.75,-9.29,12.41
206,8.50,205,21,1.063,-45.95,-19.8,24.95,65.06,-9.28,13.47
207,8.53,206,20,0.766,-46.1,-19.68,24.26,65.42,-9.3,14.24
208,8.56,207,19,1.023,-46.07,-19.67,24.38,65.56,-9.33,15.26
209,8.60,208,18,1.845,-46.02,-19.44,24.61,65.84,-9.48,17.11
210,8.63,209,17,2.424,-45.96,-19.4,24.5,66.13,-9.54,19.53
211,8.66,210,16,2.147,-45.98,-19.9,24.32,66.36,-9.57,21.68
212,8.70,211,15,1.424,-45.46,-19.63,24.58,66.47,-9.44,23.1
213,8.73,212,14,0.577,-45.66,-19.57,25.04,66.39,-9.58,23.68
214,8.77,213,13,0.889,-45.6,-19.22,25.93,66.72,-9.63,23.7
215,8.80,214,12,1.212,-45.2,-19.55,24.71,66.96,-9.45,23.62
216,8.83,215,11,0.321,-45.26,-19.79,25.04,66.71,-9.54,23.63
217,8.87,216,10,0.583,-45.25,-19.64,25.62,66.8,-9.7,23.8
218,8.90,217,9,0.573,-45.09,-19.42,25.19,66.67,-9.81,24.37
219,8.93,218,8,1.052,-45.18,-19.28,24.76,66.63,-9.94,25.42
220,8.97,219,7,1.252,-45.05,-18.81,25.29,66.59,-10.06,26.67
221,9.00,220,6,1.590,-45.14,-18.6,24.85,66.61,-10.23,28.26
222,9.03,221,5,1.054,-44.72,-17.74,24.15,66.92,-10.29,29.32
223,9.07,222,4,1.602,-44.83,-16.14,22.85,66.92,-10.49,30.28
224,9.10,223,3,0.509,-44.42,-15.98,22.62,67.01,-10.64,30.79
225,9.13,224,2,1.426,-44.5,-14.67,21.2,67.06,-10.78,31.07
226,9.17,225,1,1.453,-44.15,-13.22,20.74,67.01,-10.92,31.4
227,9.23,226,23,32.741,-11.41,-6.38,24.51,74.9,-5.32,29.24
228,9.27,227,22,0.303,-11.54,-6.24,24.21,74.87,-5.33,29.37
229,9.30,228,21,1.030,-11.62,-5.21,24.36,74.99,-5.38,29.91
230,9.33,229,20,0.599,-11.61,-4.83,23.76,74.91,-5.27,29.93
231,9.37,230,19,0.871,-11.55,-3.96,23.84,74.77,-5.28,30.16
232,9.40,231,18,0.844,-11.4,-3.12,23.61,74.49,-5.37,30.52
233,9.43,232,17,0.752,-11.58,-2.36,23.43,74.74,-5.39,30.65
234,9.47,233,16,1.371,-11.41,-0.99,22.9,74.51,-5.34,30.73
235,9.50,234,15,0.578,-11.57,-1.57,23.35,74.47,-5.19,30.41
236,9.53,235,14,1.684,-11.36,0.11,22.41,74.57,-5.37,30.56
237,9.57,236,13,0.629,-11.45,0.74,22.7,74.66,-5.38,30.65
238,9.60,237,12,1.433,-11.39,2.17,21.92,74.57,-5.42,30.56
239,9.64,238,11,0.766,-11.81,2.25,21.16,74.56,-5.4,30.58
240,9.67,239,10,1.733,-11.78,3.99,20.13,74.93,-5.4,30.33
241,9.70,240,9,1.445,-11.73,4.86,21.58,75.12,-5.39,29.9
242,9.74,241,8,0.884,-11.73,4.79,20.83,74.96,-5.46,29.01
243,9.77,242,7,1.377,-11.44,6.09,21.04,74.94,-5.51,27.63
244,9.80,243,6,1.567,-11.77,6.52,20.96,74.95,-5.45,26.07
245,9.84,244,5,1.569,-11.87,6.49,19.39,74.79,-5.46,24.58
246,9.87,245,4,1.610,-11.54,6.89,19.58,74.58,-5.39,22.97
247,9.90,246,3,2.015,-11.7,6.97,19.3,74.3,-5.4,20.95
248,9.94,247,2,2.086,-11.44,7.32,18.74,74.28,-5.36,18.86
249,9.97,248,1,1.923,-11.59,7.63,18.67,74.54,-5.31,16.94
250,10.17,249,26,33.471,-45.06,23.63,-8.99,70.02,-7.2,29.23
251,10.20,250,25,1.647,-44.49,25.27,-10.13,70.55,-6.94,28.8
252,10.24,251,24,1.638,-44.69,26.91,-11.71,70.75,-6.92,29.28
253,10.27,252,23,1.447,-44.45,28.36,-12.87,71.35,-6.97,28.95
254,10.30,253,22,1.546,-44.34,29.9,-13.5,71.33,-7.1,29.18
255,10.34,254,21,1.674,-44.16,31.26,-15.17,71.55,-6.97,29.43
256,10.37,255,20,1.199,-44.07,32.46,-15.53,71.62,-6.85,29.56
257,10.40,256,19,1.785,-43.86,34.24,-16.25,71.69,-6.98,29.77
258,10.44,257,18,1.736,-43.68,34.43,-17.98,71.78,-6.96,30.55
259,10.47,258,17,1.810,-43.43,36.24,-18.01,71.83,-6.92,30.78
260,10.51,259,16,1.291,-43.62,37.23,-19.3,72.25,-6.88,31.35
261,10.54,260,15,1.225,-43.36,37.87,-20.53,72.83,-6.95,31.52
262,10.57,261,14,1.024,-43.63,38.89,-21.22,73.31,-7.02,31.61
263,10.61,262,13,0.607,-43.81,38.99,-21.83,73.33,-6.92,31.82
264,10.64,263,12,1.047,-43.64,39.68,-22.87,73.75,-6.96,31.6
265,10.67,264,11,0.483,-43.61,40.16,-22.98,74.08,-7.11,31.92
266,10.71,265,10,0.402,-43.37,40.41,-23.22,74.4,-7.19,31.52
267,10.74,266,9,0.553,-43.43,40.75,-23.77,74.72,-7.17,31.31
268,10.77,267,8,0.666,-43.01,40.37,-23.11,74.86,-7.23,31.39
269,10.81,268,7,0.669,-43.68,41.03,-23.58,75.22,-7.5,31.66
270,10.84,269,6,0.253,-43.46,41.06,-23.83,75.46,-7.48,31.54
271,10.87,270,5,0.187,-43.54,41.02,-23.91,75.65,-7.62,31.53
272,10.91,271,4,0.848,-43.82,41.87,-23.3,75.76,-7.6,31.66
273,10.94,272,3,0.955,-43.97,40.92,-23.34,76.03,-7.83,31.75
274,10.97,273,2,0.795,-43.89,41.5,-24.14,76.08,-7.75,31.65
275,11.01,274,1,0.993,-43.92,41.93,-23.15,75.79,-7.69,31.65
276,11.07,275,23,47.933,-12.01,-6.0,13.81,83.83,-7.45,5.49
277,11.11,276,22,1.733,-12.02,-7.73,13.55,84.18,-7.44,5.13
278,11.14,277,21,0.482,-11.53,-7.79,13.32,84.46,-7.51,5.03
279,11.17,278,20,1.351,-11.5,-9.14,13.69,84.77,-7.49,5.19
280,11.21,279,19,1.791,-11.07,-10.93,14.12,84.93,-7.5,5.06
281,11.24,280,18,0.887,-11.23,-11.82,13.83,85.57,-7.34,5.0
282,11.28,281,17,0.920,-10.89,-12.73,14.74,85.68,-7.42,5.2
283,11.31,282,16,0.938,-10.62,-13.67,14.22,86.14,-7.55,5.02
284,11.34,283,15,0.875,-10.27,-14.55,13.95,85.98,-7.67,4.91
285,11.38,284,14,1.666,-10.08,-16.21,14.64,86.25,-7.63,4.87
286,11.41,285,13,0.992,-9.09,-16.45,14.11,86.57,-7.41,5.05
287,11.44,286,12,1.684,-8.37,-18.13,14.01,86.6,-7.55,4.99
288,11.48,287,11,1.214,-7.15,-18.98,14.4,86.57,-7.43,4.88
289,11.51,288,10,1.172,-5.98,-20.07,13.92,86.27,-7.42,4.93
290,11.54,289,9,0.786,-5.2,-20.85,13.43,86.47,-7.23,4.89
291,11.58,290,8,1.245,-3.95,-21.68,13.56,86.24,-7.23,4.86
292,11.61,291,7,1.436,-3.05,-21.4,12.12,86.14,-6.99,4.83
293,11.64,292,6,0.887,-2.17,-22.01,11.86,86.33,-6.97,4.9
294,11.68,293,5,1.234,-0.93,-22.77,11.56,86.52,-6.75,4.95
295,11.71,294,4,1.619,0.45,-22.21,9.94,86.4,-6.59,4.92
296,11.74,295,3,0.967,1.42,-22.67,9.52,86.12,-6.41,4.88
297,11.78,296,2,1.401,2.65,-21.79,8.12,86.18,-6.29,4.78
298,11.81,297,1,1.427,4.08,-21.43,7.44,86.23,-6.18,4.93
299,11.98,298,26,65.799,-36.11,44.37,-30.9,84.42,-6.54,10.93
300,12.01,299,25,0.577,-35.8,44.4,-31.07,84.63,-6.49,10.35
301,12.05,300,24,0.512,-35.94,44.22,-31.12,84.89,-6.62,9.84
302,12.08,301,23,0.622,-36.18,44.18,-31.74,85.25,-6.73,9.49
303,12.11,302,22,0.470,-35.71,44.17,-31.46,85.66,-6.83,9.32
304,12.15,303,21,0.975,-35.92,43.19,-32.0,86.07,-7.11,9.26
305,12.18,304,20,0.543,-35.81,43.68,-32.54,86.29,-7.35,9.21
306,12.21,305,19,0.783,-35.94,42.9,-33.18,86.97,-7.59,9.34
307,12.25,306,18,0.828,-35.52,42.52,-34.01,87.41,-7.74,9.18
308,12.28,307,17,0.601,-35.42,41.92,-34.55,87.92,-7.77,8.96
309,12.31,308,16,0.622,-35.92,41.97,-35.13,88.54,-7.95,8.94
310,12.35,309,15,0.886,-35.84,41.08,-35.15,88.74,-7.89,8.73
311,12.38,310,14,0.705,-35.73,40.76,-35.66,89.45,-7.92,8.64
312,12.41,311,13,1.130,-36.06,40.8,-36.78,89.81,-8.15,8.19
313,12.45,312,12,0.972,-36.34,40.13,-37.76,90.57,-8.09,7.94
314,12.48,313,11,0.677,-36.57,39.56,-38.14,91.24,-8.07,7.76
315,12.51,314,10,0.884,-36.69,39.68,-39.03,91.97,-8.24,7.67
316,12.55,315,9,1.291,-36.22,38.39,-40.03,92.94,-8.28,7.72
317,12.58,316,8,1.715,-36.54,38.7,-41.75,94.05,-8.39,7.45
318,12.61,317,7,0.869,-36.18,37.83,-42.38,94.87,-8.47,7.57
319,12.65,318,6,1.179,-36.04,37.06,-43.56,95.93,-8.38,7.63
320,12.68,319,5,1.110,-36.48,36.16,-44.67,96.95,-8.51,7.71
321,12.71,320,4,1.245,-36.4,35.79,-45.91,97.83,-8.61,7.72
322,12.75,321,3,1.228,-36.16,35.15,-46.88,99.06,-8.61,7.53
323,12.78,322,2,0.408,-36.01,34.74,-46.81,99.46,-8.77,7.65
324,12.81,323,1,2.092,-36.02,33.37,-48.9,100.32,-8.82,7.5
325,12.85,324,23,71.230,-4.92,-25.88,22.33,79.0,-1.32,23.26
326,12.88,325,22,0.942,-4.82,-24.94,22.08,79.07,-1.04,23.6
327,12.91,326,21,0.704,-4.81,-24.41,21.71,79.23,-1.0,24.31
328,12.95,327,20,1.176,-4.8,-23.24,21.7,79.29,-0.9,25.24
329,12.98,328,19,1.078,-4.56,-22.72,22.02,79.49,-0.85,26.31
330,13.02,329,18,1.321,-4.62,-21.67,20.98,79.53,-0.82,27.63
331,13.05,330,17,1.422,-4.62,-20.74,21.21,79.46,-0.81,29.06
332,13.08,331,16,1.561,-4.85,-20.34,21.16,79.86,-0.87,30.62
333,13.12,332,15,0.869,-4.98,-19.77,20.29,80.15,-0.78,31.42
334,13.15,333,14,0.987,-5.1,-18.9,20.85,80.33,-0.5,32.4
335,13.18,334,13,0.267,-5.36,-19.08,20.65,80.46,-0.41,32.64
336,13.22,335,12,0.868,-5.51,-18.21,20.56,80.68,-0.16,32.72
337,13.25,336,11,0.383,-5.56,-18.14,20.95,80.84,-0.01,32.73
338,13.28,337,10,0.576,-5.74,-17.56,20.78,80.8,0.2,32.59
339,13.32,338,9,0.302,-5.75,-17.29,20.8,81.11,0.31,32.5
340,13.35,339,8,0.366,-5.64,-16.93,20.8,81.23,0.66,32.54
341,13.38,340,7,0.599,-5.55,-16.33,20.65,81.3,0.98,32.5
342,13.42,341,6,0.351,-5.3,-16.43,20.98,81.39,1.33,32.66
343,13.45,342,5,0.612,-5.37,-15.82,20.85,81.4,1.77,32.76
344,13.48,343,4,0.438,-5.49,-15.53,21.27,81.67,2.21,32.94
345,13.52,344,3,0.152,-5.51,-15.43,21.19,81.77,2.36,33.09
346,13.55,345,2,0.388,-5.55,-15.04,21.3,81.85,2.45,33.44
347,13.58,346,1,0.749,-5.41,-14.29,21.17,81.79,2.46,33.64
348,13.72,347,26,67.239,-41.13,38.05,-46.07,97.26,-4.03,28.41
349,13.75,348,25,0.442,-41.2,38.44,-46.36,97.01,-3.79,28.85
350,13.78,349,24,0.720,-41.12,39.16,-46.82,96.79,-3.6,28.87
351,13.82,350,23,0.621,-41.19,39.78,-47.01,96.53,-3.4,28.88
352,13.85,351,22,0.556,-40.97,40.23,-47.56,96.19,-3.13,28.53
353,13.88,352,21,0.833,-40.94,41.07,-47.9,95.77,-3.06,28.23
354,13.92,353,20,0.795,-40.83,41.86,-48.38,95.41,-2.94,28.1
355,13.95,354,19,0.933,-40.72,42.68,-49.31,94.97,-2.78,28.05
356,13.98,355,18,0.478,-40.8,42.99,-49.36,94.49,-2.66,27.9
357,14.02,356,17,0.891,-40.71,43.88,-49.99,93.99,-2.39,27.86
358,14.05,357,16,0.368,-40.68,44.07,-50.16,93.62,-2.11,27.83
359,14.09,358,15,0.449,-40.8,44.52,-50.31,93.27,-1.92,27.88
360,14.12,359,14,0.432,-40.64,44.93,-50.74,93.16,-1.85,27.88
361,14.15,360,13,0.591,-40.69,45.25,-51.33,92.87,-1.72,27.85
362,14.19,361,12,0.593,-40.63,45.84,-51.53,92.51,-1.68,27.82
363,14.22,362,11,0.432,-40.45,46.1,-51.96,92.26,-1.67,27.58
364,14.25,363,10,0.708,-40.54,46.81,-52.59,91.94,-1.63,27.43
365,14.29,364,9,0.446,-40.44,47.26,-52.83,91.75,-1.69,27.09
366,14.32,365,8,0.782,-40.31,48.04,-53.22,91.67,-1.73,26.37
367,14.35,366,7,1.137,-40.41,48.03,-53.53,91.56,-1.84,25.24
368,14.39,367,6,1.523,-40.43,48.39,-54.14,91.85,-1.97,23.72
369,14.42,368,5,1.714,-40.27,48.26,-54.48,91.95,-2.01,22.0
370,14.45,369,4,1.547,-40.38,48.85,-54.94,92.51,-2.15,20.45
371,14.49,370,3,1.844,-40.33,49.16,-55.21,92.61,-2.35,18.61
372,14.52,371,2,1.843,-40.18,49.23,-54.84,92.8,-2.56,16.77
373,14.55,372,1,1.841,-40.19,49.16,-55.71,92.95,-2.82,14.93
374,14.59,373,23,72.745,-4.39,6.41,17.04,73.97,2.66,33.23
375,14.62,374,22,0.585,-4.01,6.99,17.62,73.69,2.65,33.2
376,14.65,375,21,0.748,-4.08,7.74,16.99,73.36,2.69,33.23
377,14.69,376,20,0.850,-4.03,8.59,16.66,73.46,2.61,33.19
378,14.72,377,19,0.755,-3.76,9.35,16.9,73.12,2.82,33.16
379,14.75,378,18,0.629,-3.67,9.97,16.88,73.03,2.75,33.17
380,14.79,379,17,0.649,-3.31,10.55,16.23,72.5,2.82,33.11
381,14.82,380,16,0.242,-3.38,10.79,16.09,72.36,2.76,33.2
382,14.85,381,15,0.299,-3.08,11.03,16.2,72.26,2.77,33.29
383,14.89,382,14,0.650,-3.05,11.68,16.15,72.12,2.81,33.38
384,14.92,383,13,0.250,-2.8,11.78,16.26,71.94,2.82,33.18
385,14.96,384,12,0.916,-2.72,12.69,15.76,71.95,2.93,33.03
386,14.99,385,11,0.471,-2.69,12.81,15.98,71.88,2.92,32.56
387,15.02,386,10,1.948,-2.62,13.31,15.81,72.02,2.98,30.61
388,15.06,387,9,2.877,-2.44,13.71,15.43,72.1,2.95,27.73
389,15.09,388,8,4.355,-2.4,14.09,14.77,71.9,2.91,23.38
390,15.12,389,7,4.387,-2.45,14.63,14.07,71.73,2.83,18.99
391,15.16,390,6,4.058,-2.32,14.27,13.52,71.53,2.75,14.93
392,15.19,391,5,3.306,-2.25,14.53,13.86,71.43,2.85,11.63
393,15.22,392,4,2.299,-2.15,14.72,13.93,71.3,2.83,9.33
394,15.26,393,3,1.434,-2.23,14.84,13.99,71.3,2.84,7.89
395,15.29,394,2,0.867,-2.1,14.93,13.65,71.44,2.74,7.03
396,15.32,395,1,0.503,-2.26,15.19,13.35,71.7,2.77,6.52
397,15.52,396,26,69.398,-41.43,45.62,-56.05,101.94,-5.68,7.06
398,15.56,397,25,0.510,-41.39,45.11,-55.95,101.84,-5.77,7.32
399,15.59,398,24,1.003,-41.11,44.1,-55.45,101.87,-5.69,7.31
400,15.62,399,23,0.835,-41.12,43.98,-54.61,102.13,-5.84,7.52
401,15.66,400,22,0.974,-41.54,43.01,-54.94,102.16,-5.87,7.17
402,15.69,401,21,1.237,-41.25,41.77,-53.97,102.08,-5.81,7.14
403,15.73,402,20,1.221,-41.79,40.55,-53.43,102.23,-5.86,6.74
404,15.76,403,19,1.461,-41.52,39.09,-53.52,102.09,-5.77,6.71
405,15.79,404,18,1.566,-41.86,37.52,-52.71,102.37,-5.91,6.62
406,15.83,405,17,1.580,-41.6,35.94,-52.56,102.49,-5.89,6.66
407,15.86,406,16,1.303,-41.63,35.66,-51.26,102.16,-5.79,6.51
408,15.89,407,15,0.668,-41.7,35.0,-51.37,102.34,-5.93,6.39
409,15.93,408,14,1.182,-41.44,33.81,-50.6,102.31,-5.74,6.19
410,15.96,409,13,1.648,-41.48,32.17,-50.08,102.35,-5.7,6.09
411,15.99,410,12,0.588,-41.4,31.73,-49.49,102.48,-5.82,6.16
412,16.03,411,11,1.515,-41.37,30.21,-49.33,102.46,-5.63,6.15
413,16.06,412,10,2.026,-41.44,29.29,-47.31,102.35,-5.82,6.0
414,16.09,413,9,1.946,-41.24,27.34,-47.27,102.41,-5.78,6.1
415,16.13,414,8,1.652,-40.85,25.98,-45.61,102.34,-5.95,6.07
416,16.16,415,7,1.492,-41.06,24.49,-44.38,102.61,-5.86,6.24
417,16.19,416,6,1.605,-40.42,22.88,-43.62,102.54,-5.87,6.21
418,16.23,417,5,1.131,-39.82,21.75,-42.76,102.42,-5.84,6.15
419,16.26,418,4,1.118,-39.18,20.63,-42.11,102.44,-5.92,6.26
420,16.29,419,3,1.267,-39.04,19.36,-41.19,102.54,-6.18,6.13
421,16.33,420,2,1.656,-38.37,17.71,-39.86,102.45,-6.2,6.08
422,16.36,421,1,1.445,-38.01,16.31,-38.42,102.45,-6.21,6.08
423,16.53,422,23,39.967,-3.78,4.15,1.55,81.68,-0.58,5.4
424,16.56,423,22,0.943,-3.49,3.21,0.79,82.19,-0.5,5.42
425,16.59,424,21,0.568,-3.3,2.86,0.23,82.61,-0.51,5.22
426,16.63,425,20,1.666,-3.1,1.2,0.96,83.08,-0.64,5.33
427,16.66,426,19,0.923,-3.0,0.68,0.04,83.23,-0.66,5.42
428,16.69,427,18,0.900,-2.48,-0.22,0.04,83.54,-0.57,5.48
429,16.73,428,17,0.750,-2.26,-0.53,-0.71,83.86,-0.64,5.42
430,16.76,429,16,1.230,-1.69,-1.76,-0.98,84.22,-0.63,5.46
431,16.80,430,15,0.710,-0.98,-2.3,-1.65,84.51,-0.66,5.43
432,16.83,431,14,1.357,-0.22,-3.66,-1.59,84.55,-0.74,5.44
433,16.86,432,13,0.863,0.65,-4.07,-1.74,84.81,-0.73,5.47
434,16.90,433,12,1.558,1.44,-5.28,-3.3,85.03,-0.62,5.48
435,16.93,434,11,0.819,2.26,-5.96,-3.15,85.23,-0.75,5.55
436,16.96,435,10,1.004,3.27,-6.74,-3.55,85.31,-0.77,5.5
437,17.00,436,9,1.349,4.61,-6.98,-3.89,85.45,-0.89,5.63
438,17.03,437,8,1.256,5.87,-7.45,-4.41,85.43,-0.76,5.54
439,17.06,438,7,1.177,6.8,-7.23,-5.59,85.6,-1.24,5.64
440,17.10,439,6,1.506,8.31,-7.45,-5.52,85.44,-1.23,5.58
441,17.13,440,5,1.399,9.71,-7.47,-5.98,85.39,-1.54,5.77
442,17.16,441,4,1.083,10.79,-7.46,-6.31,85.24,-1.7,5.62
443,17.20,442,3,1.054,11.85,-7.29,-6.3,85.27,-1.73,5.66
444,17.23,443,2,1.092,12.94,-7.2,-6.49,85.02,-1.81,5.55
445,17.26,444,1,0.790,13.73,-7.04,-6.45,84.79,-1.79,5.53
446,17.50,445,26,45.701,-31.97,18.47,-25.37,88.06,1.96,31.61
447,17.53,446,25,0.538,-31.89,17.94,-24.96,87.53,1.95,32.01
448,17.56,447,24,1.212,-31.72,19.15,-24.65,87.08,2.05,32.27
449,17.60,448,23,1.212,-31.95,18.72,-23.44,86.73,2.12,32.09
450,17.63,449,22,0.623,-31.89,18.18,-24.06,86.49,2.32,32.17
451,17.66,450,21,0.677,-31.81,18.86,-24.36,86.17,2.42,32.06
452,17.70,451,20,0.142,-31.94,18.93,-24.22,86.11,2.46,32.08
453,17.73,452,19,0.530,-32.36,19.46,-23.97,86.15,2.53,32.31
454,17.77,453,18,0.728,-32.61,18.74,-23.93,86.26,2.58,32.49
455,17.80,454,17,0.811,-32.5,19.55,-24.25,86.21,2.63,32.54
456,17.83,455,16,0.331,-32.75,19.85,-23.92,86.35,2.63,32.67
457,17.87,456,15,0.553,-32.93,19.93,-24.47,86.58,2.62,32.84
458,17.90,457,14,0.464,-33.22,19.47,-24.45,86.76,2.66,32.83
459,17.93,458,13,0.669,-33.45,20.14,-24.59,86.67,2.75,32.92
460,17.97,459,12,0.347,-33.32,20.41,-24.91,87.01,2.71,33.1
461,18.00,460,11,0.571,-33.89,20.36,-24.48,86.86,2.91,33.04
462,18.03,461,10,1.523,-33.37,21.02,-26.0,86.63,2.77,33.2
463,18.07,462,9,0.725,-33.69,21.28,-25.28,86.45,2.71,32.98
464,18.10,463,8,1.197,-33.89,22.19,-26.48,86.29,2.75,33.17
465,18.13,464,7,0.284,-34.18,22.08,-26.64,86.15,2.81,33.16
466,18.17,465,6,0.458,-34.15,22.47,-27.1,86.13,2.68,33.05
467,18.20,466,5,0.596,-34.12,23.07,-27.64,85.94,2.6,33.1
468,18.23,467,4,1.011,-34.28,24.08,-28.39,85.49,2.54,33.27
469,18.27,468,3,0.512,-34.59,24.18,-28.9,85.19,2.39,33.43
470,18.30,469,2,0.714,-34.97,24.53,-28.19,85.07,2.1,33.41
471,18.33,470,1,1.307,-34.83,25.47,-29.5,84.96,2.0,33.76
472,18.40,471,23,76.527,-3.6,-51.05,39.07,76.18,-2.51,1.66
473,18.43,472,22,1.655,-3.26,-52.13,40.72,76.05,-2.4,1.85
474,18.47,473,21,1.850,-3.02,-53.98,42.25,75.75,-2.22,1.69
475,18.50,474,20,1.618,-3.04,-55.6,43.01,75.61,-2.02,1.84
476,18.53,475,19,1.427,-2.82,-57.03,44.4,75.29,-2.07,1.78
477,18.57,476,18,1.445,-2.82,-57.98,45.84,75.08,-1.94,1.76
478,18.60,477,17,1.754,-2.59,-59.73,46.79,74.59,-1.87,1.82
479,18.63,478,16,1.154,-2.87,-60.63,47.95,74.36,-1.89,1.72
480,18.67,479,15,1.849,-2.64,-62.48,49.53,73.79,-1.93,1.78
481,18.70,480,14,1.762,-3.25,-63.99,51.29,73.58,-1.97,1.66
482,18.74,481,13,1.295,-3.33,-65.13,52.58,72.95,-2.01,1.84
483,18.77,482,12,1.625,-3.51,-66.75,54.13,72.36,-1.94,1.74
484,18.80,483,11,1.346,-3.53,-67.99,55.48,72.0,-1.9,1.76
485,18.84,484,10,1.526,-3.92,-69.39,57.01,71.38,-1.93,1.75
486,18.87,485,9,2.123,-3.96,-70.96,59.13,70.96,-1.85,1.63
487,18.90,486,8,1.549,-3.99,-72.51,60.39,70.35,-1.94,1.67
488,18.94,487,7,1.725,-4.13,-74.2,62.12,70.02,-1.91,1.62
489,18.97,488,6,1.072,-4.21,-74.91,63.19,69.65,-1.88,1.54
490,19.00,489,5,2.032,-4.36,-76.94,64.57,69.09,-1.73,1.64
491,19.04,490,4,1.654,-4.66,-78.45,66.23,68.49,-1.87,1.73
492,19.07,491,3,1.873,-4.79,-80.32,67.25,68.23,-1.75,1.59
493,19.10,492,2,1.391,-5.16,-81.71,68.54,67.9,-1.77,1.59
494,19.14,493,1,1.951,-5.44,-83.66,70.21,67.97,-1.61,1.54
495,19.34,494,26,124.379,-40.38,40.72,-30.75,83.76,3.52,34.51
496,19.37,495,25,1.322,-40.44,40.82,-32.07,83.78,3.33,34.37
497,19.40,496,24,0.483,-40.45,41.3,-32.14,83.96,3.35,34.38
498,19.44,497,23,0.823,-40.5,42.12,-32.35,83.98,3.46,34.25
499,19.47,498,22,0.467,-40.67,42.28,-32.32,84.45,3.36,34.04
500,19.50,499,21,1.168,-40.67,43.44,-33.32,84.37,3.29,33.99
501,19.54,500,20,0.709,-41.01,43.41,-33.39,85.08,3.25,33.37
502,19.57,501,19,1.020,-41.01,43.89,-34.4,85.5,3.25,32.35
503,19.61,502,18,2.119,-41.27,44.81,-35.34,85.93,2.95,30.23
504,19.64,503,17,3.050,-41.16,44.97,-36.1,86.32,2.75,27.18
505,19.67,504,16,4.056,-41.16,45.08,-36.5,86.59,2.35,23.13
506,19.71,505,15,4.192,-40.98,45.17,-37.14,86.74,2.03,18.94
507,19.74,506,14,3.756,-41.3,44.9,-37.87,86.84,1.71,15.18
508,19.77,507,13,2.852,-41.01,44.69,-38.54,87.1,1.47,12.33
509,19.81,508,12,1.479,-41.22,44.75,-38.75,87.39,1.14,10.85
510,19.84,509,11,0.973,-41.47,44.36,-39.73,87.91,0.72,10.05
511,19.87,510,10,0.474,-41.39,44.2,-40.13,88.37,0.25,9.76
512,19.91,511,9,1.445,-41.59,44.2,-41.58,89.14,-0.21,9.44
513,19.94,512,8,0.828,-41.57,43.93,-42.29,89.97,-0.66,8.76
514,19.97,513,7,1.104,-41.58,43.52,-43.35,91.07,-1.1,8.56
515,20.01,514,6,1.598,-41.57,43.04,-44.94,91.9,-1.56,8.38
516,20.04,515,5,1.140,-41.57,42.5,-45.81,93.04,-1.72,8.21
517,20.07,516,4,1.342,-41.65,41.59,-47.16,94.27,-1.92,8.03
518,20.11,517,3,0.966,-41.51,40.92,-47.73,95.23,-2.12,8.16
519,20.14,518,2,1.737,-41.53,40.33,-49.47,96.3,-2.31,8.03
520,20.17,519,1,0.781,-41.42,39.57,-50.25,97.05,-2.39,7.99
521,20.27,520,23,126.461,-13.91,-86.89,69.47,67.3,-1.0,1.69
522,20.31,521,22,1.628,-13.26,-85.71,67.84,66.95,-1.09,1.53
523,20.34,522,21,1.068,-13.29,-84.64,67.31,66.75,-1.16,1.45
524,20.37,523,20,1.534,-12.96,-83.52,65.78,66.7,-1.33,1.44
525,20.41,524,19,1.640,-13.19,-81.88,65.33,66.62,-1.39,1.38
526,20.44,525,18,1.702,-12.92,-80.54,63.62,66.91,-1.59,1.42
527,20.47,526,17,2.068,-12.87,-78.47,63.15,66.98,-1.6,1.44
528,20.51,527,16,1.496,-12.88,-77.15,61.65,66.83,-1.53,1.59
529,20.54,528,15,1.324,-12.53,-75.94,60.32,66.89,-1.38,1.51
530,20.58,529,14,1.648,-12.55,-74.29,58.93,66.93,-1.4,1.52
531,20.61,530,13,2.629,-12.26,-71.66,58.25,66.95,-1.51,1.47
532,20.64,531,12,2.194,-12.05,-70.41,56.05,66.85,-1.56,1.34
533,20.68,532,11,1.706,-12.37,-68.7,55.56,67.01,-1.58,1.5
534,20.71,533,10,1.236,-11.89,-67.5,54.32,66.96,-1.57,1.27
535,20.74,534,9,1.047,-12.37,-66.45,54.11,66.94,-1.57,1.34
536,20.78,535,8,0.750,-12.05,-65.7,53.53,67.03,-1.7,1.35
537,20.81,536,7,1.413,-11.93,-64.75,52.12,67.1,-1.66,1.47
538,20.84,537,6,0.597,-12.26,-64.39,51.52,67.56,-1.66,1.25
539,20.88,538,5,1.410,-12.0,-62.98,50.76,67.67,-1.91,1.3
540,20.91,539,4,1.065,-11.98,-62.12,49.7,67.92,-1.94,1.08
541,20.94,540,3,1.302,-11.98,-60.82,48.91,68.36,-2.08,1.3
542,20.98,541,2,1.945,-12.3,-59.37,46.97,68.61,-2.41,1.27
543,21.01,542,1,0.876,-12.45,-58.5,46.3,69.4,-2.71,1.14
544,21.08,543,26,105.564,-43.71,47.07,-48.35,94.52,-1.82,25.03
545,21.11,544,25,1.722,-43.72,47.04,-47.6,94.37,-1.76,26.75
546,21.15,545,24,1.275,-43.66,46.37,-46.9,94.25,-1.74,28.03
547,21.18,546,23,1.130,-43.53,46.23,-46.51,94.24,-1.57,29.16
548,21.21,547,22,1.016,-43.32,45.85,-46.05,94.27,-1.59,30.17
549,21.25,548,21,0.571,-43.29,45.78,-45.49,94.39,-1.44,30.74
550,21.28,549,20,0.560,-43.1,45.29,-44.93,94.34,-1.36,31.03
551,21.31,550,19,0.755,-43.14,44.53,-44.86,94.45,-1.19,31.12
552,21.35,551,18,0.393,-43.04,44.83,-44.81,94.55,-1.14,31.52
553,21.38,552,17,0.622,-42.91,44.73,-44.18,94.66,-1.0,31.88
554,21.41,553,16,0.291,-43.08,44.64,-44.3,94.7,-0.8,32.18
555,21.45,554,15,0.454,-42.81,44.19,-44.25,94.78,-0.62,32.28
556,21.48,555,14,0.523,-42.97,43.98,-43.72,94.88,-0.37,32.08
557,21.51,556,13,0.252,-42.71,43.8,-43.89,94.8,-0.2,32.1
558,21.55,557,12,0.147,-42.65,43.71,-43.86,94.9,-0.05,32.24
559,21.58,558,11,0.443,-42.59,43.55,-44.3,95.04,0.0,32.4
560,21.61,559,10,0.312,-42.54,43.86,-44.4,95.25,-0.14,32.55
561,21.65,560,9,0.847,-42.18,43.65,-45.25,95.49,-0.11,32.73
562,21.68,561,8,0.563,-42.4,43.29,-45.56,96.05,-0.34,33.0
563,21.71,562,7,1.114,-42.33,43.53,-46.67,96.46,-0.59,33.59
564,21.75,563,6,0.583,-42.29,43.34,-47.26,96.8,-0.81,33.95
565,21.78,564,5,0.661,-42.27,43.35,-47.92,97.05,-1.21,34.29
566,21.81,565,4,0.896,-42.32,43.24,-48.81,97.34,-1.5,34.1
567,21.85,566,3,0.454,-42.49,43.7,-49.1,97.57,-1.73,33.82
568,21.88,567,2,0.441,-42.35,43.26,-49.5,97.9,-1.94,33.63
569,21.91,568,1,0.876,-42.7,43.5,-50.38,98.45,-2.06,33.74
570,22.02,569,23,84.407,-15.73,-38.17,34.03,68.33,-2.88,8.52
571,22.05,570,22,1.667,-15.8,-38.53,34.23,68.33,-3.06,10.18
572,22.08,571,21,1.498,-15.44,-37.17,33.9,68.5,-3.28,11.68
573,22.12,572,20,1.030,-15.54,-37.05,34.21,68.52,-3.51,12.71
574,22.15,573,19,0.869,-15.43,-36.77,33.7,69.04,-3.72,13.58
575,22.18,574,18,1.035,-15.53,-35.74,32.96,69.39,-3.67,14.25
576,22.22,575,17,0.747,-15.48,-35.19,32.56,69.69,-3.69,15.0
577,22.25,576,16,1.000,-15.33,-35.53,33.21,70.18,-3.59,16.0
578,22.28,577,15,1.486,-15.64,-34.36,31.92,70.59,-3.63,17.49
579,22.32,578,14,1.900,-15.68,-33.12,31.64,70.94,-3.63,19.39
580,22.35,579,13,2.276,-15.71,-33.32,32.37,71.05,-3.62,21.66
581,22.38,580,12,1.958,-15.9,-32.76,32.69,71.45,-3.57,23.62
582,22.42,581,11,1.511,-16.03,-31.72,32.22,71.67,-3.59,25.13
583,22.45,582,10,0.971,-16.22,-31.74,32.55,71.82,-3.53,26.1
584,22.48,583,9,0.959,-16.2,-30.78,32.23,71.86,-3.41,26.77
585,22.52,584,8,0.752,-16.47,-30.03,32.29,71.84,-3.37,27.18
586,22.55,585,7,0.402,-16.35,-29.63,32.67,71.71,-3.42,27.19
587,22.58,586,6,0.587,-16.69,-29.04,32.97,71.64,-3.26,27.28
588,22.62,587,5,0.387,-17.08,-28.67,32.58,71.53,-3.24,27.32
589,22.65,588,4,0.501,-16.64,-28.17,32.47,71.39,-3.21,27.56
590,22.68,589,3,1.964,-17.01,-26.2,32.01,71.09,-3.22,27.91
591,22.72,590,2,0.340,-17.09,-25.86,32.06,71.22,-3.16,28.2
592,22.75,591,1,1.554,-17.31,-24.31,30.84,71.22,-3.25,28.48
